{"pos":[80.7741318,412.230682,25.081337],"rotationMatrix":[0.998694718,-0.0510764457,0,0.0510764457,0.998694718,0,0,0,1],"scale":0.698364258,"type":"eca_rock_small_2"}
{"pos":[-94.1814957,439.874359,24.8186779],"rotationMatrix":[-0.524819255,-0.851213694,0,0.851213694,-0.524819255,0,0,0,1],"scale":0.516478658,"type":"eca_rock_small_2"}
{"pos":[-94.2885513,440.648834,24.5717583],"rotationMatrix":[-0.530877829,0.847448349,0,-0.847448349,-0.530877829,0,0,0,1],"scale":0.873911679,"type":"eca_rock_small_2"}
{"pos":[-87.0538254,439.43335,24.8401127],"rotationMatrix":[0.228814974,-0.973469913,0,0.973469913,0.228814974,0,0,0,1],"scale":0.815006256,"type":"eca_rock_small_2"}
{"pos":[-105.372208,436.140625,25.0873051],"rotationMatrix":[0.230309039,-0.97311753,0,0.97311753,0.230309039,0,0,0,1],"scale":0.945743442,"type":"eca_rock_small_2"}
{"pos":[-135.343155,436.883118,25.3173122],"rotationMatrix":[-0.0575172268,0.998344541,0,-0.998344541,-0.0575172268,0,0,0,1],"scale":0.66033113,"type":"eca_rock_small_2"}
{"pos":[-130.557938,436.66394,25.2022171],"rotationMatrix":[0.957293928,0.289116502,0,-0.289116502,0.957293928,0,0,0,1],"scale":0.824275672,"type":"eca_rock_small_2"}
{"pos":[-136.505524,431.613098,25.4026585],"rotationMatrix":[-0.634762168,-0.772707582,0,0.772707582,-0.634762168,0,0,0,1],"scale":0.969031572,"type":"eca_rock_small_2"}
{"pos":[-136.562408,435.62973,25.2732391],"rotationMatrix":[-0.764445484,-0.644688368,0,0.644688368,-0.764445484,0,0,0,1],"scale":0.970782518,"type":"eca_rock_small_2"}
