{"pos":[82.4326553,407.023834,25.2942486],"rotationMatrix":[0.785559058,-0.618786752,0,0.618786752,0.785559058,0,0,0,1],"scale":0.648022532,"type":"eca_rock_small_4"}
{"pos":[85.2679367,409.646271,25.1912327],"rotationMatrix":[0.249040365,-0.968493104,0,0.968493104,0.249040365,0,0,0,1],"scale":0.572476923,"type":"eca_rock_small_4"}
{"pos":[82.5457306,407.52832,25.2541218],"rotationMatrix":[-0.772055387,0.635555208,0,-0.635555208,-0.772055387,0,0,0,1],"scale":0.801085234,"type":"eca_rock_small_4"}
{"pos":[-98.3105927,440.923279,24.4454403],"rotationMatrix":[0.680603981,0.732651532,0,-0.732651532,0.680603981,0,0,0,1],"scale":0.765928388,"type":"eca_rock_small_4"}
{"pos":[-88.9696655,435.971619,25.1231823],"rotationMatrix":[-0.937566102,0.34780708,0,-0.34780708,-0.937566102,0,0,0,1],"scale":0.94047153,"type":"eca_rock_small_4"}
{"pos":[-87.2586594,440.737213,24.7643032],"rotationMatrix":[-0.853199601,0.52158457,0,-0.52158457,-0.853199601,0,0,0,1],"scale":0.654911399,"type":"eca_rock_small_4"}
{"pos":[-90.4413605,439.158966,24.9936676],"rotationMatrix":[-0.643364608,-0.765559912,0,0.765559912,-0.643364608,0,0,0,1],"scale":0.56113112,"type":"eca_rock_small_4"}
{"pos":[-106.772736,435.453247,25.0907841],"rotationMatrix":[0.0881047919,0.996111214,0,-0.996111214,0.0881047919,0,0,0,1],"scale":0.937714577,"type":"eca_rock_small_4"}
{"pos":[-103.736519,435.179718,25.1525078],"rotationMatrix":[0.999938846,0.0110574532,0,-0.0110574532,0.999938846,0,0,0,1],"scale":0.728936732,"type":"eca_rock_small_4"}
{"pos":[-101.931183,435.468781,25.1622524],"rotationMatrix":[-0.443103582,-0.896470428,0,0.896470428,-0.443103582,0,0,0,1],"scale":0.92289263,"type":"eca_rock_small_4"}
{"pos":[-103.108391,438.10321,25.0462055],"rotationMatrix":[-0.475407869,0.879765511,0,-0.879765511,-0.475407869,0,0,0,1],"scale":0.648815989,"type":"eca_rock_small_4"}
{"pos":[-133.696533,439.41803,25.1661873],"rotationMatrix":[-0.981448233,-0.191727296,0,0.191727296,-0.981448233,0,0,0,1],"scale":0.85308522,"type":"eca_rock_small_4"}
{"pos":[-132.549423,440.948273,25.0792255],"rotationMatrix":[0.474599153,-0.880202055,0,0.880202055,0.474599153,0,0,0,1],"scale":0.734209299,"type":"eca_rock_small_4"}
{"pos":[-136.40892,440.44165,25.1561794],"rotationMatrix":[0.625008106,-0.78061825,0,0.78061825,0.625008106,0,0,0,1],"scale":0.868466794,"type":"eca_rock_small_4"}
{"pos":[-132.695709,436.971863,25.350069],"rotationMatrix":[0.242973,0.97003305,0,-0.97003305,0.242973,0,0,0,1],"scale":0.871105313,"type":"eca_rock_small_4"}
{"pos":[-130.474915,440.019806,25.1004925],"rotationMatrix":[-0.346641451,0.937997699,0,-0.937997699,-0.346641451,0,0,0,1],"scale":0.556542873,"type":"eca_rock_small_4"}
{"pos":[-134.604004,438.223389,25.697422],"rotationMatrix":[0.614116311,-0.789215505,0,0.789215505,0.614116311,0,0,0,1],"scale":0.765003204,"type":"eca_rock_small_4"}
{"pos":[-132.098083,435.393524,25.2785816],"rotationMatrix":[0.237333089,-0.971428335,0,0.971428335,0.237333089,0,0,0,1],"scale":0.745354891,"type":"eca_rock_small_4"}
{"pos":[-129.76181,437.225189,25.0936699],"rotationMatrix":[-0.223037466,0.974809885,0,-0.974809885,-0.223037466,0,0,0,1],"scale":0.888584435,"type":"eca_rock_small_4"}
{"pos":[-129.965576,438.508057,25.1476593],"rotationMatrix":[0.998223066,0.0595877469,0,-0.0595877469,0.998223066,0,0,0,1],"scale":0.707087874,"type":"eca_rock_small_4"}
{"pos":[-132.80426,440.608887,25.1027813],"rotationMatrix":[0.979479074,-0.201545849,0,0.201545849,0.979479074,0,0,0,1],"scale":0.650110841,"type":"eca_rock_small_4"}
{"pos":[-136.077759,433.224091,25.377882],"rotationMatrix":[-0.905047715,0.425310045,0,-0.425310045,-0.905047715,0,0,0,1],"scale":0.832912207,"type":"eca_rock_small_4"}
{"pos":[-141.93663,435.880066,25.332283],"rotationMatrix":[0.95999676,-0.280011058,0,0.280011058,0.95999676,0,0,0,1],"scale":0.543857098,"type":"eca_rock_small_4"}
