{"pos":[-39.0147095,94.0269318,32.6986313],"rotationMatrix":[-0.788091123,-0.615558505,0,0.615558505,-0.788091123,0,0,0,1],"scale":1,"type":"eca_rock_big_narrow"}
{"pos":[-51.3371582,81.805481,32.9038353],"rotationMatrix":[-0.691543043,0.7223351,0,-0.7223351,-0.691543043,0,0,0,1],"scale":1,"type":"eca_rock_big_narrow"}
{"pos":[-55.7008934,84.498642,32.657032],"rotationMatrix":[-0.348121315,0.937449455,0,-0.937449455,-0.348121315,0,0,0,1],"scale":1,"type":"eca_rock_big_narrow"}
{"pos":[-43.4319763,80.1967773,32.6670647],"rotationMatrix":[-0.990095258,-0.140396997,0,0.140396997,-0.990095258,0,0,0,1],"scale":1,"type":"eca_rock_big_narrow"}
{"pos":[-49.9902458,101.743896,32.9048042],"rotationMatrix":[0.671829998,-0.740705371,0,0.740705371,0.671829998,0,0,0,1],"scale":1,"type":"eca_rock_big_narrow"}
{"pos":[-25.9964619,88.5012054,33.0197983],"rotationMatrix":[0.409377545,0.912365139,0,-0.912365139,0.409377545,0,0,0,1],"scale":1,"type":"eca_rock_big_narrow"}
{"pos":[-30.3809872,87.3825607,32.6227417],"rotationMatrix":[0.778737426,0.627350092,0,-0.627350092,0.778737426,0,0,0,1],"scale":1,"type":"eca_rock_big_narrow"}
{"pos":[-30.2329426,79.568428,32.8338318],"rotationMatrix":[-0.642235994,-0.76650691,0,0.76650691,-0.642235994,0,0,0,1],"scale":1,"type":"eca_rock_big_narrow"}
{"pos":[-46.3977051,78.3911896,33.0526848],"rotationMatrix":[-0.150876656,-0.98855257,0,0.98855257,-0.150876656,0,0,0,1],"scale":1,"type":"eca_rock_big_narrow"}
{"pos":[-37.1239014,77.6690369,32.6000671],"rotationMatrix":[-0.999935746,0.0113323573,0,-0.0113323573,-0.999935746,0,0,0,1],"scale":1,"type":"eca_rock_big_narrow"}
{"pos":[-53.5028839,101.000511,32.8093643],"rotationMatrix":[0.475550234,-0.879688501,0,0.879688501,0.475550234,0,0,0,1],"scale":1,"type":"eca_rock_big_narrow"}
{"pos":[-60.911026,85.0894318,32.764061],"rotationMatrix":[0.932784438,-0.360434711,0,0.360434711,0.932784438,0,0,0,1],"scale":1,"type":"eca_rock_big_narrow"}
{"pos":[-47.8388443,102.86853,32.8623123],"rotationMatrix":[-0.688173532,-0.725546062,0,0.725546062,-0.688173532,0,0,0,1],"scale":1,"type":"eca_rock_big_narrow"}
{"pos":[-56.6390076,76.9268036,32.6510963],"rotationMatrix":[0.155731961,-0.987799287,0,0.987799287,0.155731961,0,0,0,1],"scale":1,"type":"eca_rock_big_narrow"}
{"pos":[-42.2858124,82.2882996,33.000927],"rotationMatrix":[0.999049664,-0.0435856953,0,0.0435856953,0.999049664,0,0,0,1],"scale":1,"type":"eca_rock_big_narrow"}
{"pos":[-61.8953362,92.2306061,32.7121925],"rotationMatrix":[-0.933783054,0.357839853,0,-0.357839853,-0.933783054,0,0,0,1],"scale":1,"type":"eca_rock_big_narrow"}
{"pos":[-60.2658195,100.307922,32.7384758],"rotationMatrix":[0.991623163,-0.129164353,0,0.129164353,0.991623163,0,0,0,1],"scale":1,"type":"eca_rock_big_narrow"}
{"pos":[-48.330883,89.2009964,32.6923676],"rotationMatrix":[0.923149586,0.384440929,0,-0.384440929,0.923149586,0,0,0,1],"scale":1,"type":"eca_rock_big_narrow"}
{"pos":[-63.8694077,91.6117401,33.1346207],"rotationMatrix":[-0.607491791,0.794325829,0,-0.794325829,-0.607491791,0,0,0,1],"scale":1,"type":"eca_rock_big_narrow"}
{"pos":[-35.797245,72.4592361,32.9543037],"rotationMatrix":[0.399530321,-0.916719973,0,0.916719973,0.399530321,0,0,0,1],"scale":1,"type":"eca_rock_big_narrow"}
{"pos":[-51.5732307,77.4640503,32.8491058],"rotationMatrix":[-0.362488389,-0.931988239,0,0.931988239,-0.362488389,0,0,0,1],"scale":1,"type":"eca_rock_big_narrow"}
{"pos":[-33.3158646,74.620285,32.7984314],"rotationMatrix":[-0.223160937,0.974781513,0,-0.974781513,-0.223160937,0,0,0,1],"scale":1,"type":"eca_rock_big_narrow"}
{"pos":[-43.1876335,86.222084,32.9823036],"rotationMatrix":[0.997291684,0.0735474825,0,-0.0735474825,0.997291684,0,0,0,1],"scale":1,"type":"eca_rock_big_narrow"}
{"pos":[-62.2045746,71.6190338,33.0235405],"rotationMatrix":[-0.861726761,0.507372677,0,-0.507372677,-0.861726761,0,0,0,1],"scale":1,"type":"eca_rock_big_narrow"}
{"pos":[-49.1546478,83.098999,33.0847778],"rotationMatrix":[-0.924303353,-0.381658792,0,0.381658792,-0.924303353,0,0,0,1],"scale":1,"type":"eca_rock_big_narrow"}
{"pos":[-44.2187805,57.8633881,32.9283485],"rotationMatrix":[-0.552707195,0.833375394,0,-0.833375394,-0.552707195,0,0,0,1],"scale":1,"type":"eca_rock_big_narrow"}
{"pos":[-23.6940212,70.2862701,32.4269714],"rotationMatrix":[-0.551645756,-0.834078431,0,0.834078431,-0.551645756,0,0,0,1],"scale":1,"type":"eca_rock_big_narrow"}
{"pos":[-37.5293198,52.4204254,33.0754509],"rotationMatrix":[0.997286856,-0.0736125186,0,0.0736125186,0.997286856,0,0,0,1],"scale":1,"type":"eca_rock_big_narrow"}
{"pos":[-41.6119308,56.7846184,32.8837547],"rotationMatrix":[-0.237327978,0.971429527,0,-0.971429527,-0.237327978,0,0,0,1],"scale":1,"type":"eca_rock_big_narrow"}
{"pos":[-26.6603374,58.6039734,32.0960999],"rotationMatrix":[0.996400416,0.0847711712,0,-0.0847711712,0.996400416,0,0,0,1],"scale":1,"type":"eca_rock_big_narrow"}
{"pos":[-23.0546246,91.0470963,32.854126],"rotationMatrix":[-0.845115364,-0.534583926,0,0.534583926,-0.845115364,0,0,0,1],"scale":1,"type":"eca_rock_big_narrow"}
{"pos":[-36.5386734,62.9904938,32.9275169],"rotationMatrix":[-0.36346209,0.931608915,0,-0.931608915,-0.36346209,0,0,0,1],"scale":1,"type":"eca_rock_big_narrow"}
{"pos":[-18.8787823,79.1891479,32.278698],"rotationMatrix":[0.909724355,-0.415212601,0,0.415212601,0.909724355,0,0,0,1],"scale":1,"type":"eca_rock_big_narrow"}
{"pos":[-59.2209129,105.818352,33.0425186],"rotationMatrix":[0.999676168,-0.0254463125,0,0.0254463125,0.999676168,0,0,0,1],"scale":1,"type":"eca_rock_big_narrow"}
{"pos":[-32.6094704,81.1426849,32.6752319],"rotationMatrix":[0.805602908,0.592455983,0,-0.592455983,0.805602908,0,0,0,1],"scale":1,"type":"eca_rock_big_narrow"}
{"pos":[-59.7615509,73.9627533,32.8603897],"rotationMatrix":[0.993535697,-0.11352022,0,0.11352022,0.993535697,0,0,0,1],"scale":1,"type":"eca_rock_big_narrow"}
{"pos":[-49.759594,61.6993027,32.8610268],"rotationMatrix":[-0.34392041,0.938998759,0,-0.938998759,-0.34392041,0,0,0,1],"scale":1,"type":"eca_rock_big_narrow"}
{"pos":[-27.0170784,43.1300468,30.9231148],"rotationMatrix":[-0.900125265,0.435631275,0,-0.435631275,-0.900125265,0,0,0,1],"scale":1,"type":"eca_rock_big_narrow"}
{"pos":[-46.2089691,45.016613,31.1655827],"rotationMatrix":[-0.951925755,-0.306329042,0,0.306329042,-0.951925755,0,0,0,1],"scale":1,"type":"eca_rock_big_narrow"}
{"pos":[-37.6622734,34.9291611,30.6904488],"rotationMatrix":[-0.555956006,-0.831211805,0,0.831211805,-0.555956006,0,0,0,1],"scale":1,"type":"eca_rock_big_narrow"}
{"pos":[-44.5686073,43.3759575,30.9576645],"rotationMatrix":[0.371256799,-0.928530157,0,0.928530157,0.371256799,0,0,0,1],"scale":1,"type":"eca_rock_big_narrow"}
{"pos":[-52.1715775,55.4779739,32.661026],"rotationMatrix":[-0.98783052,-0.155534118,0,0.155534118,-0.98783052,0,0,0,1],"scale":1,"type":"eca_rock_big_narrow"}
{"pos":[-27.0562057,38.3398209,30.4937649],"rotationMatrix":[0.732267559,-0.681016982,0,0.681016982,0.732267559,0,0,0,1],"scale":1,"type":"eca_rock_big_narrow"}
{"pos":[-32.6197968,35.0931282,30.1826305],"rotationMatrix":[-0.827834427,-0.560972452,0,0.560972452,-0.827834427,0,0,0,1],"scale":1,"type":"eca_rock_big_narrow"}
{"pos":[-30.2744026,55.6852798,31.599123],"rotationMatrix":[-0.0637835413,0.997963667,0,-0.997963667,-0.0637835413,0,0,0,1],"scale":1,"type":"eca_rock_big_narrow"}
