{"pos":[83.1760101,410.681274,25.2274075],"rotationMatrix":[-0.734602094,-0.678498149,0,0.678498149,-0.734602094,0,0,0,1],"scale":0.563714743,"type":"eca_rock_small_5"}
{"pos":[84.3590317,413.687958,25.0887508],"rotationMatrix":[0.133214504,0.991087258,0,-0.991087258,0.133214504,0,0,0,1],"scale":0.745989203,"type":"eca_rock_small_5"}
{"pos":[84.596199,409.75708,25.2410145],"rotationMatrix":[0.432354301,0.901703835,0,-0.901703835,0.432354301,0,0,0,1],"scale":0.542910874,"type":"eca_rock_small_5"}
{"pos":[85.8646622,408.858215,25.2577267],"rotationMatrix":[0.993138731,0.116942018,0,-0.116942018,0.993138731,0,0,0,1],"scale":0.992389441,"type":"eca_rock_small_5"}
{"pos":[80.3319855,411.131012,25.2564583],"rotationMatrix":[-0.562972605,0.826475561,0,-0.826475561,-0.562972605,0,0,0,1],"scale":0.714915156,"type":"eca_rock_small_5"}
{"pos":[83.9810028,410.119843,25.2353096],"rotationMatrix":[-0.954464436,0.298324645,0,-0.298324645,-0.954464436,0,0,0,1],"scale":0.521566212,"type":"eca_rock_small_5"}
{"pos":[84.6641922,412.550659,25.1287498],"rotationMatrix":[-0.998990178,-0.0449295454,0,0.0449295454,-0.998990178,0,0,0,1],"scale":0.74821341,"type":"eca_rock_small_5"}
{"pos":[-98.4078903,437.594635,25.1605759],"rotationMatrix":[-0.703405797,0.710788488,0,-0.710788488,-0.703405797,0,0,0,1],"scale":0.959514737,"type":"eca_rock_small_5"}
{"pos":[-97.8926773,438.785095,25.1278648],"rotationMatrix":[-0.0679419041,-0.997689307,0,0.997689307,-0.0679419041,0,0,0,1],"scale":0.97044611,"type":"eca_rock_small_5"}
{"pos":[-96.5663605,440.149292,24.7988186],"rotationMatrix":[0.373009264,-0.927827597,0,0.927827597,0.373009264,0,0,0,1],"scale":0.623768508,"type":"eca_rock_small_5"}
{"pos":[-98.958252,439.700256,25.0242958],"rotationMatrix":[0.900943577,-0.433936238,0,0.433936238,0.900943577,0,0,0,1],"scale":0.574675679,"type":"eca_rock_small_5"}
{"pos":[-97.2294769,437.113556,25.1716919],"rotationMatrix":[-0.0377722383,0.999286354,0,-0.999286354,-0.0377722383,0,0,0,1],"scale":0.506676495,"type":"eca_rock_small_5"}
{"pos":[-90.9747314,438.038422,25.1353779],"rotationMatrix":[-0.696026683,0.718015909,0,-0.718015909,-0.696026683,0,0,0,1],"scale":0.968072176,"type":"eca_rock_small_5"}
{"pos":[-94.9953461,441.59494,24.4184513],"rotationMatrix":[0.927313864,-0.374284685,0,0.374284685,0.927313864,0,0,0,1],"scale":0.826553106,"type":"eca_rock_small_5"}
{"pos":[-93.3120804,442.239655,24.4768448],"rotationMatrix":[-0.671427131,0.741070628,0,-0.741070628,-0.671427131,0,0,0,1],"scale":0.946236312,"type":"eca_rock_small_5"}
{"pos":[-91.3333588,440.548676,24.9036179],"rotationMatrix":[-0.998871207,-0.0475010015,0,0.0475010015,-0.998871207,0,0,0,1],"scale":0.900627732,"type":"eca_rock_small_5"}
{"pos":[-86.2437973,439.538635,24.9225178],"rotationMatrix":[0.999987483,-0.00500072772,0,0.00500072772,0.999987483,0,0,0,1],"scale":0.779182792,"type":"eca_rock_small_5"}
{"pos":[-89.4017181,440.380432,24.9400349],"rotationMatrix":[-0.424315393,0.905514479,0,-0.905514479,-0.424315393,0,0,0,1],"scale":0.750614166,"type":"eca_rock_small_5"}
{"pos":[-103.699425,434.600616,25.251442],"rotationMatrix":[0.941362798,0.337396085,0,-0.337396085,0.941362798,0,0,0,1],"scale":0.624667287,"type":"eca_rock_small_5"}
{"pos":[-136.965912,439.052734,25.5581741],"rotationMatrix":[-0.508123696,-0.861284077,0,0.861284077,-0.508123696,0,0,0,1],"scale":0.906337976,"type":"eca_rock_small_5"}
{"pos":[-136.132385,438.203796,25.6076717],"rotationMatrix":[0.825360358,-0.564606309,0,0.564606309,0.825360358,0,0,0,1],"scale":0.871961594,"type":"eca_rock_small_5"}
{"pos":[-132.811554,439.951782,25.2243671],"rotationMatrix":[0.999809325,-0.0195269845,0,0.0195269845,0.999809325,0,0,0,1],"scale":0.713988543,"type":"eca_rock_small_5"}
{"pos":[-133.985947,441.986206,25.2102489],"rotationMatrix":[0.819291055,-0.573377907,0,0.573377907,0.819291055,0,0,0,1],"scale":0.972450852,"type":"eca_rock_small_5"}
{"pos":[-132.687393,438.752625,25.2689323],"rotationMatrix":[0.260855108,-0.965377986,0,0.965377986,0.260855108,0,0,0,1],"scale":0.685540676,"type":"eca_rock_small_5"}
{"pos":[-131.53746,439.596252,25.2124252],"rotationMatrix":[-0.660518706,-0.75080961,0,0.75080961,-0.660518706,0,0,0,1],"scale":0.917816579,"type":"eca_rock_small_5"}
{"pos":[-130.691772,438.992889,25.2053738],"rotationMatrix":[0.21141386,0.977396607,0,-0.977396607,0.21141386,0,0,0,1],"scale":0.642780304,"type":"eca_rock_small_5"}
{"pos":[-133.474396,439.685455,25.2489166],"rotationMatrix":[-0.570372105,-0.821386456,0,0.821386456,-0.570372105,0,0,0,1],"scale":0.599359035,"type":"eca_rock_small_5"}
{"pos":[-134.362289,438.919128,25.7984314],"rotationMatrix":[-0.517780006,-0.855513811,0,0.855513811,-0.517780006,0,0,0,1],"scale":0.619319797,"type":"eca_rock_small_5"}
{"pos":[-138.090469,433.375732,25.4446068],"rotationMatrix":[0.995705009,-0.0925824642,0,0.0925824642,0.995705009,0,0,0,1],"scale":0.822431505,"type":"eca_rock_small_5"}
{"pos":[-140.093491,434.632141,25.4320965],"rotationMatrix":[-0.609312177,0.792930424,0,-0.792930424,-0.609312177,0,0,0,1],"scale":0.812363505,"type":"eca_rock_small_5"}
{"pos":[-139.294495,435.361847,25.7762775],"rotationMatrix":[0.729178369,0.684323668,0,-0.684323668,0.729178369,0,0,0,1],"scale":0.74569416,"type":"eca_rock_small_5"}
{"pos":[-138.617264,435.623505,25.8890285],"rotationMatrix":[0.606643558,0.794973969,0,-0.794973969,0.606643558,0,0,0,1],"scale":0.71382606,"type":"eca_rock_small_5"}
{"pos":[-139.721176,433.983093,25.4179802],"rotationMatrix":[0.0461362824,-0.998935163,0,0.998935163,0.0461362824,0,0,0,1],"scale":0.721342444,"type":"eca_rock_small_5"}
