{"pos":[82.0567017,408.422516,25.2963409],"rotationMatrix":[0.904619038,0.426221043,0,-0.426221043,0.904619038,0,0,0,1],"scale":0.515324771,"type":"eca_rock_small_3"}
{"pos":[82.468483,409.259644,25.2098541],"rotationMatrix":[-0.665967464,-0.745980799,0,0.745980799,-0.665967464,0,0,0,1],"scale":0.975652456,"type":"eca_rock_small_3"}
{"pos":[82.0560837,407.986298,25.2895947],"rotationMatrix":[0.214306399,-0.976766467,0,0.976766467,0.214306399,0,0,0,1],"scale":0.867650032,"type":"eca_rock_small_3"}
{"pos":[84.1593933,408.376709,25.2217388],"rotationMatrix":[-0.763238192,0.64611721,0,-0.64611721,-0.763238192,0,0,0,1],"scale":0.939626873,"type":"eca_rock_small_3"}
{"pos":[83.3931046,409.364838,25.2402878],"rotationMatrix":[0.999817908,0.0190812126,0,-0.0190812126,0.999817908,0,0,0,1],"scale":0.536478043,"type":"eca_rock_small_3"}
{"pos":[-98.2905121,442.319427,24.0352535],"rotationMatrix":[-0.789467752,-0.613792062,0,0.613792062,-0.789467752,0,0,0,1],"scale":0.84905231,"type":"eca_rock_small_3"}
{"pos":[-95.9448624,439.740082,24.8448048],"rotationMatrix":[-0.409469157,0.912323952,0,-0.912323952,-0.409469157,0,0,0,1],"scale":0.616726875,"type":"eca_rock_small_3"}
{"pos":[-95.0654755,438.8974,25.0301685],"rotationMatrix":[-0.0864802077,0.99625355,0,-0.99625355,-0.0864802077,0,0,0,1],"scale":0.596967876,"type":"eca_rock_small_3"}
{"pos":[-89.305748,439.314606,25.0056744],"rotationMatrix":[-0.983141959,0.182843834,0,-0.182843834,-0.983141959,0,0,0,1],"scale":0.626768589,"type":"eca_rock_small_3"}
{"pos":[-90.1285934,439.85907,24.9352093],"rotationMatrix":[0.589093506,-0.808064878,0,0.808064878,0.589093506,0,0,0,1],"scale":0.789789081,"type":"eca_rock_small_3"}
{"pos":[-86.8081589,440.40332,24.7815552],"rotationMatrix":[0.992977023,-0.118307158,0,0.118307158,0.992977023,0,0,0,1],"scale":0.665929079,"type":"eca_rock_small_3"}
{"pos":[-103.341751,434.054901,25.2366619],"rotationMatrix":[-0.070885092,-0.997484505,0,0.997484505,-0.070885092,0,0,0,1],"scale":0.613558173,"type":"eca_rock_small_3"}
{"pos":[-106.585236,436.873871,25.0639896],"rotationMatrix":[-0.981687248,0.190499783,0,-0.190499783,-0.981687248,0,0,0,1],"scale":0.6769315,"type":"eca_rock_small_3"}
{"pos":[-104.573135,438.123749,25.0096855],"rotationMatrix":[-0.927735388,-0.373238623,0,0.373238623,-0.927735388,0,0,0,1],"scale":0.745069146,"type":"eca_rock_small_3"}
{"pos":[-133.466873,441.999359,25.0637798],"rotationMatrix":[0.771669745,-0.636023462,0,0.636023462,0.771669745,0,0,0,1],"scale":0.932742536,"type":"eca_rock_small_3"}
{"pos":[-137.373871,435.370636,25.4834061],"rotationMatrix":[-0.893539965,-0.448983669,0,0.448983669,-0.893539965,0,0,0,1],"scale":0.708795071,"type":"eca_rock_small_3"}
{"pos":[-136.013641,436.462128,25.629261],"rotationMatrix":[0.611151516,-0.791513622,0,0.791513622,0.611151516,0,0,0,1],"scale":0.672022223,"type":"eca_rock_small_3"}
{"pos":[-139.982391,435.796326,25.3679771],"rotationMatrix":[-0.96129787,-0.275511086,0,0.275511086,-0.96129787,0,0,0,1],"scale":0.847191632,"type":"eca_rock_small_3"}
