{"pos":[-35.925972,89.5474548,32.9694595],"rotationMatrix":[0.490500927,0.871440768,0,-0.871440768,0.490500927,0,0,0,1],"scale":1,"type":"eca_rock_big_wide"}
{"pos":[-55.6939049,86.7293396,32.6217461],"rotationMatrix":[0.126490518,0.991967797,0,-0.991967797,0.126490518,0,0,0,1],"scale":1,"type":"eca_rock_big_wide"}
{"pos":[-37.984726,86.5821152,32.926918],"rotationMatrix":[0.257309496,0.966329098,0,-0.966329098,0.257309496,0,0,0,1],"scale":1,"type":"eca_rock_big_wide"}
{"pos":[-43.3021736,111.383209,32.7143593],"rotationMatrix":[0.996498466,-0.0836099684,0,0.0836099684,0.996498466,0,0,0,1],"scale":1,"type":"eca_rock_big_wide"}
{"pos":[-60.3038864,97.9628067,33.0119057],"rotationMatrix":[-0.349966824,-0.936762094,0,0.936762094,-0.349966824,0,0,0,1],"scale":1,"type":"eca_rock_big_wide"}
{"pos":[-54.6516342,93.8168182,32.6606674],"rotationMatrix":[-0.966168046,-0.2579135,0,0.2579135,-0.966168046,0,0,0,1],"scale":1,"type":"eca_rock_big_wide"}
{"pos":[-32.2651062,100.962791,32.6670418],"rotationMatrix":[0.676576793,-0.736372113,0,0.736372113,0.676576793,0,0,0,1],"scale":1,"type":"eca_rock_big_wide"}
{"pos":[-41.0927048,74.697998,33.0535812],"rotationMatrix":[0.887988687,-0.459865302,0,0.459865302,0.887988687,0,0,0,1],"scale":1,"type":"eca_rock_big_wide"}
{"pos":[-55.4713287,102.77166,32.6288948],"rotationMatrix":[-0.98703599,-0.160498485,0,0.160498485,-0.98703599,0,0,0,1],"scale":1,"type":"eca_rock_big_wide"}
{"pos":[-42.230854,107.442886,32.8240356],"rotationMatrix":[0.999782324,-0.0208634567,0,0.0208634567,0.999782324,0,0,0,1],"scale":1,"type":"eca_rock_big_wide"}
{"pos":[-59.9774132,93.8253326,32.7177773],"rotationMatrix":[0.498939633,0.866636872,0,-0.866636872,0.498939633,0,0,0,1],"scale":1,"type":"eca_rock_big_wide"}
{"pos":[-50.9376297,91.9994125,32.703476],"rotationMatrix":[-0.78491807,0.61959964,0,-0.61959964,-0.78491807,0,0,0,1],"scale":1,"type":"eca_rock_big_wide"}
{"pos":[-34.4002495,96.5764236,32.828125],"rotationMatrix":[-0.81837213,0.574688494,0,-0.574688494,-0.81837213,0,0,0,1],"scale":1,"type":"eca_rock_big_wide"}
{"pos":[-35.540947,86.4855042,32.7651405],"rotationMatrix":[-0.0670481101,0.997749686,0,-0.997749686,-0.0670481101,0,0,0,1],"scale":1,"type":"eca_rock_big_wide"}
{"pos":[-58.0736504,72.8836517,32.7643852],"rotationMatrix":[0.42302689,-0.906117082,0,0.906117082,0.42302689,0,0,0,1],"scale":1,"type":"eca_rock_big_wide"}
{"pos":[-57.619297,67.6379776,32.7849617],"rotationMatrix":[-0.999118626,-0.0419742838,0,0.0419742838,-0.999118626,0,0,0,1],"scale":1,"type":"eca_rock_big_wide"}
{"pos":[-56.4680443,63.1167526,33.0662422],"rotationMatrix":[-0.974828541,-0.222955808,0,0.222955808,-0.974828541,0,0,0,1],"scale":1,"type":"eca_rock_big_wide"}
{"pos":[-42.5585098,61.4814682,32.7252235],"rotationMatrix":[-0.996880591,-0.0789244175,0,0.0789244175,-0.996880591,0,0,0,1],"scale":1,"type":"eca_rock_big_wide"}
{"pos":[-53.5525627,65.2375183,32.6754532],"rotationMatrix":[-0.996609509,0.082276307,0,-0.082276307,-0.996609509,0,0,0,1],"scale":1,"type":"eca_rock_big_wide"}
{"pos":[-51.2906036,65.9650879,32.9558601],"rotationMatrix":[0.98310864,0.183022887,0,-0.183022887,0.98310864,0,0,0,1],"scale":1,"type":"eca_rock_big_wide"}
{"pos":[-42.523735,53.6925354,32.6766891],"rotationMatrix":[0.816830993,0.576877177,0,-0.576877177,0.816830993,0,0,0,1],"scale":1,"type":"eca_rock_big_wide"}
{"pos":[-29.6143799,61.2204628,31.9116535],"rotationMatrix":[0.90094161,0.43394044,0,-0.43394044,0.90094161,0,0,0,1],"scale":1,"type":"eca_rock_big_wide"}
{"pos":[-20.1043758,75.0340576,32.4476814],"rotationMatrix":[-0.997613549,-0.0690431744,0,0.0690431744,-0.997613549,0,0,0,1],"scale":1,"type":"eca_rock_big_wide"}
{"pos":[-40.0952911,103.697639,32.6890297],"rotationMatrix":[0.832674265,-0.553763092,0,0.553763092,0.832674265,0,0,0,1],"scale":1,"type":"eca_rock_big_wide"}
{"pos":[-59.0405922,102.845383,32.9229202],"rotationMatrix":[0.820818305,-0.571189463,0,0.571189463,0.820818305,0,0,0,1],"scale":1,"type":"eca_rock_big_wide"}
{"pos":[-41.9003143,102.757668,32.7839394],"rotationMatrix":[0.408081114,0.912945747,0,-0.912945747,0.408081114,0,0,0,1],"scale":1,"type":"eca_rock_big_wide"}
{"pos":[-58.5642319,75.702713,33.0501251],"rotationMatrix":[-0.214752704,-0.976668477,0,0.976668477,-0.214752704,0,0,0,1],"scale":1,"type":"eca_rock_big_wide"}
{"pos":[-36.1667709,74.7301483,32.7889252],"rotationMatrix":[0.00226679444,-0.999997437,0,0.999997437,0.00226679444,0,0,0,1],"scale":1,"type":"eca_rock_big_wide"}
{"pos":[-26.5805397,45.6520462,30.7385387],"rotationMatrix":[-0.62083602,-0.783940554,0,0.783940554,-0.62083602,0,0,0,1],"scale":1,"type":"eca_rock_big_wide"}
{"pos":[-21.2572041,42.9432983,30.188921],"rotationMatrix":[-0.693869233,-0.720101178,0,0.720101178,-0.693869233,0,0,0,1],"scale":1,"type":"eca_rock_big_wide"}
{"pos":[-42.8822365,46.9930115,32.4651489],"rotationMatrix":[-0.784545362,-0.620071352,0,0.620071352,-0.784545362,0,0,0,1],"scale":1,"type":"eca_rock_big_wide"}
{"pos":[-54.6207275,57.3433456,33.0793152],"rotationMatrix":[0.642863631,-0.765980721,0,0.765980721,0.642863631,0,0,0,1],"scale":1,"type":"eca_rock_big_wide"}
{"pos":[-35.9094238,42.3035011,30.7469444],"rotationMatrix":[0.878185153,-0.478320658,0,0.478320658,0.878185153,0,0,0,1],"scale":1,"type":"eca_rock_big_wide"}
{"pos":[-54.9473305,59.3500404,32.7471085],"rotationMatrix":[0.577832878,0.816155195,0,-0.816155195,0.577832878,0,0,0,1],"scale":1,"type":"eca_rock_big_wide"}
{"pos":[-31.9067478,38.4580002,30.4478455],"rotationMatrix":[-0.974962115,0.222370714,0,-0.222370714,-0.974962115,0,0,0,1],"scale":1,"type":"eca_rock_big_wide"}
{"pos":[-29.6836452,38.9288788,30.7715054],"rotationMatrix":[0.5602777,-0.828304768,0,0.828304768,0.5602777,0,0,0,1],"scale":1,"type":"eca_rock_big_wide"}
{"pos":[-52.5468941,45.0830536,31.2918377],"rotationMatrix":[-0.108699001,0.994074583,0,-0.994074583,-0.108699001,0,0,0,1],"scale":1,"type":"eca_rock_big_wide"}
