{"pos":[-135.354355,440.553436,25.4895382],"rotationMatrix":[0.94181639,0.336127698,0,-0.336127698,0.94181639,0,0,0,1],"scale":0.696291924,"type":"eca_rock_small"}
{"pos":[-138.660751,436.659973,25.9059563],"rotationMatrix":[0.903809369,0.427935362,0,-0.427935362,0.903809369,0,0,0,1],"scale":0.722652555,"type":"eca_rock_small"}
{"pos":[-139.214935,434.388519,25.4370689],"rotationMatrix":[0.835284829,-0.549817502,0,0.549817502,0.835284829,0,0,0,1],"scale":0.552217066,"type":"eca_rock_small"}
