{"pos":[-165.045639,99.8507156,442.112152],"rotationMatrix":[-0.00614481093,-0.999981105,0,0.999981105,-0.00614481093,0,0,0,1],"scale":1.89950657,"type":"italy_rockface_small_2"}
{"pos":[-165.641342,97.9086761,442.123352],"rotationMatrix":[-0.0222717859,-0.999751925,0,0.999751925,-0.0222717859,0,0,0,1],"scale":1.81023586,"type":"italy_rockface_small_2"}
{"pos":[-159.792892,98.8136368,438.148621],"rotationMatrix":[0.698022604,0.716075838,0,-0.716075838,0.698022604,0,0,0,1],"scale":1.24167085,"type":"italy_rockface_small_2"}
{"pos":[-150.798889,84.2215347,431.936432],"rotationMatrix":[-0.693095863,-0.72084552,0,0.72084552,-0.693095863,0,0,0,1],"scale":1.65529191,"type":"italy_rockface_small_2"}
{"pos":[-551.713684,-239.914078,110.436356],"rotationMatrix":[-0.975873888,-0.218335196,0,0.218335196,-0.975873888,0,0,0,1],"scale":1.09534442,"type":"italy_rockface_small_2"}
{"pos":[-572.47821,-268.793365,99.4878082],"rotationMatrix":[-0.14176546,-0.989900231,0,0.989900231,-0.14176546,0,0,0,1],"scale":1.33556271,"type":"italy_rockface_small_2"}
{"pos":[-560.719666,-243.462082,103.117638],"rotationMatrix":[0.975778818,-0.218759641,0,0.218759641,0.975778818,0,0,0,1],"scale":1.81371045,"type":"italy_rockface_small_2"}
{"pos":[-590.489868,-217.750305,83.311058],"rotationMatrix":[0.587938368,-0.808905661,0,0.808905661,0.587938368,0,0,0,1],"scale":1.3895247,"type":"italy_rockface_small_2"}
{"pos":[-676.93811,754.52533,66.0923309],"rotationMatrix":[-0.645048916,0.764141142,0,-0.764141142,-0.645048916,0,0,0,1],"scale":1.60535967,"type":"italy_rockface_small_2"}
{"pos":[-686.736816,748.408813,61.8083115],"rotationMatrix":[0.972041726,0.234808221,0,-0.234808221,0.972041726,0,0,0,1],"scale":1.84367192,"type":"italy_rockface_small_2"}
{"pos":[-677.946106,757.993347,66.3379974],"rotationMatrix":[0.237300992,0.971436262,0,-0.971436262,0.237300992,0,0,0,1],"scale":1.59494948,"type":"italy_rockface_small_2"}
{"pos":[-670.781616,719.244568,67.9962997],"rotationMatrix":[-0.859918952,-0.510430813,0,0.510430813,-0.859918952,0,0,0,1],"scale":1.50594354,"type":"italy_rockface_small_2"}
{"pos":[-662.548828,722.430359,68.7493668],"rotationMatrix":[-0.90363127,-0.428311408,0,0.428311408,-0.90363127,0,0,0,1],"scale":1.06304014,"type":"italy_rockface_small_2"}
