{"pos":[-165.46524,103.459053,445.245941],"rotationMatrix":[0.879050553,0.476728648,0,-0.476728648,0.879050553,0,0,0,1],"scale":1.51964128,"type":"italy_rockface_boulder_1"}
{"pos":[-166.318985,104.761391,445.720123],"rotationMatrix":[-0.576375008,-0.817185283,0,0.817185283,-0.576375008,0,0,0,1],"scale":1.11978531,"type":"italy_rockface_boulder_1"}
{"pos":[-152.85321,81.2103653,430.429016],"rotationMatrix":[-0.994027615,-0.109128527,0,0.109128527,-0.994027615,0,0,0,1],"scale":1.25063157,"type":"italy_rockface_boulder_1"}
{"pos":[-153.47261,86.8612366,431.847015],"rotationMatrix":[0.728238344,0.685324013,0,-0.685324013,0.728238344,0,0,0,1],"scale":1.93164778,"type":"italy_rockface_boulder_1"}
{"pos":[-590.844116,-251.572433,88.9864349],"rotationMatrix":[-0.92042768,-0.390913069,0,0.390913069,-0.92042768,0,0,0,1],"scale":1.91480887,"type":"italy_rockface_boulder_1"}
{"pos":[-671.811157,731.839355,66.6421051],"rotationMatrix":[0.523617327,0.851953685,0,-0.851953685,0.523617327,0,0,0,1],"scale":1.22567821,"type":"italy_rockface_boulder_1"}
{"pos":[-659.321777,721.879944,71.0549774],"rotationMatrix":[-0.666534007,-0.745474696,0,0.745474696,-0.666534007,0,0,0,1],"scale":1.07000232,"type":"italy_rockface_boulder_1"}
{"pos":[-40.256916,105.815567,32.7143478],"rotationMatrix":[0.671001673,-0.741455853,0,0.741455853,0.671001673,0,0,0,1],"scale":1,"type":"italy_rockface_boulder_1"}
{"pos":[-49.0778122,77.0507965,32.9320984],"rotationMatrix":[-0.873115659,0.487513185,0,-0.487513185,-0.873115659,0,0,0,1],"scale":1,"type":"italy_rockface_boulder_1"}
{"pos":[-53.8185425,79.588829,32.9369049],"rotationMatrix":[0.77676177,-0.629794478,0,0.629794478,0.77676177,0,0,0,1],"scale":1,"type":"italy_rockface_boulder_1"}
{"pos":[-47.2028694,101.171127,32.788063],"rotationMatrix":[0.430350989,-0.902661681,0,0.902661681,0.430350989,0,0,0,1],"scale":1,"type":"italy_rockface_boulder_1"}
{"pos":[-29.7726192,97.8312149,32.7528191],"rotationMatrix":[-0.523408234,0.852081954,0,-0.852081954,-0.523408234,0,0,0,1],"scale":1,"type":"italy_rockface_boulder_1"}
{"pos":[-34.3191528,100.159981,33.0463448],"rotationMatrix":[-0.627213061,-0.778847814,0,0.778847814,-0.627213061,0,0,0,1],"scale":1,"type":"italy_rockface_boulder_1"}
{"pos":[-48.3487129,81.4100647,32.9530258],"rotationMatrix":[0.338358849,-0.941017151,0,0.941017151,0.338358849,0,0,0,1],"scale":1,"type":"italy_rockface_boulder_1"}
{"pos":[-58.4005051,100.904549,32.6961823],"rotationMatrix":[0.172975823,0.984926105,0,-0.984926105,0.172975823,0,0,0,1],"scale":1,"type":"italy_rockface_boulder_1"}
{"pos":[-46.5021591,89.221405,32.7365112],"rotationMatrix":[0.763514459,-0.645790815,0,0.645790815,0.763514459,0,0,0,1],"scale":1,"type":"italy_rockface_boulder_1"}
{"pos":[-56.0359039,98.7276001,32.7609901],"rotationMatrix":[-0.302687287,-0.953089952,0,0.953089952,-0.302687287,0,0,0,1],"scale":1,"type":"italy_rockface_boulder_1"}
{"pos":[-62.9467163,85.6578445,33.0190887],"rotationMatrix":[-0.286599427,0.958050489,0,-0.958050489,-0.286599427,0,0,0,1],"scale":1,"type":"italy_rockface_boulder_1"}
{"pos":[-26.0062351,93.1699066,32.9217415],"rotationMatrix":[0.855549216,-0.517721415,0,0.517721415,0.855549216,0,0,0,1],"scale":1,"type":"italy_rockface_boulder_1"}
{"pos":[-32.484127,83.2142715,32.8440895],"rotationMatrix":[0.0347493626,0.999396086,0,-0.999396086,0.0347493626,0,0,0,1],"scale":1,"type":"italy_rockface_boulder_1"}
{"pos":[-61.4636459,89.991066,32.7407112],"rotationMatrix":[0.52519387,0.850982666,0,-0.850982666,0.52519387,0,0,0,1],"scale":1,"type":"italy_rockface_boulder_1"}
{"pos":[-53.9926224,87.5372849,32.7479057],"rotationMatrix":[0.892707705,-0.450636089,0,0.450636089,0.892707705,0,0,0,1],"scale":1,"type":"italy_rockface_boulder_1"}
{"pos":[-50.5964241,105.064117,32.8547668],"rotationMatrix":[0.96554637,-0.260230929,0,0.260230929,0.96554637,0,0,0,1],"scale":1,"type":"italy_rockface_boulder_1"}
{"pos":[-27.6144047,98.2809982,32.7402344],"rotationMatrix":[-0.115952216,0.993254721,0,-0.993254721,-0.115952216,0,0,0,1],"scale":1,"type":"italy_rockface_boulder_1"}
{"pos":[-57.0692444,103.555161,33.0146904],"rotationMatrix":[-0.615130305,-0.788425386,0,0.788425386,-0.615130305,0,0,0,1],"scale":1,"type":"italy_rockface_boulder_1"}
{"pos":[-34.1236649,98.725708,32.6268959],"rotationMatrix":[-0.392284751,0.919843793,0,-0.919843793,-0.392284751,0,0,0,1],"scale":1,"type":"italy_rockface_boulder_1"}
{"pos":[-39.8477402,86.1663589,32.8691177],"rotationMatrix":[-0.704672337,0.709532857,0,-0.709532857,-0.704672337,0,0,0,1],"scale":1,"type":"italy_rockface_boulder_1"}
{"pos":[-61.5711746,80.4517593,32.7416801],"rotationMatrix":[0.965747833,0.259482473,0,-0.259482473,0.965747833,0,0,0,1],"scale":1,"type":"italy_rockface_boulder_1"}
{"pos":[-40.9272461,60.5181198,32.9141769],"rotationMatrix":[0.996022284,0.0891039297,0,-0.0891039297,0.996022284,0,0,0,1],"scale":1,"type":"italy_rockface_boulder_1"}
{"pos":[-44.012619,83.1031342,32.8886566],"rotationMatrix":[0.827612817,0.561299562,0,-0.561299562,0.827612817,0,0,0,1],"scale":1,"type":"italy_rockface_boulder_1"}
{"pos":[-41.2670555,70.9376221,33.0481415],"rotationMatrix":[0.998436213,-0.0559027866,0,0.0559027866,0.998436213,0,0,0,1],"scale":1,"type":"italy_rockface_boulder_1"}
{"pos":[-56.0793152,68.5005875,32.735775],"rotationMatrix":[0.466475219,0.884534359,0,-0.884534359,0.466475219,0,0,0,1],"scale":1,"type":"italy_rockface_boulder_1"}
{"pos":[-47.8540916,69.8336105,33.059967],"rotationMatrix":[-0.997507811,0.070555754,0,-0.070555754,-0.997507811,0,0,0,1],"scale":1,"type":"italy_rockface_boulder_1"}
{"pos":[-35.2577324,61.3992157,32.8499641],"rotationMatrix":[-0.989667416,0.143382192,0,-0.143382192,-0.989667416,0,0,0,1],"scale":1,"type":"italy_rockface_boulder_1"}
{"pos":[-25.6948318,81.0732269,32.9518814],"rotationMatrix":[-0.731904984,-0.681406677,0,0.681406677,-0.731904984,0,0,0,1],"scale":1,"type":"italy_rockface_boulder_1"}
{"pos":[-22.0860004,62.7032928,31.7215157],"rotationMatrix":[-0.781190455,0.624292552,0,-0.624292552,-0.781190455,0,0,0,1],"scale":1,"type":"italy_rockface_boulder_1"}
{"pos":[-39.9230881,63.5016098,32.7955666],"rotationMatrix":[0.999922633,-0.0124320332,0,0.0124320332,0.999922633,0,0,0,1],"scale":1,"type":"italy_rockface_boulder_1"}
{"pos":[-38.1893692,56.559288,32.8951912],"rotationMatrix":[0.328206837,-0.944605887,0,0.944605887,0.328206837,0,0,0,1],"scale":1,"type":"italy_rockface_boulder_1"}
{"pos":[-33.5283394,58.4757156,32.97995],"rotationMatrix":[0.815830708,-0.578290939,0,0.578290939,0.815830708,0,0,0,1],"scale":1,"type":"italy_rockface_boulder_1"}
{"pos":[-28.2157288,67.527359,32.4073372],"rotationMatrix":[0.707344115,0.706869483,0,-0.706869483,0.707344115,0,0,0,1],"scale":1,"type":"italy_rockface_boulder_1"}
{"pos":[-38.6829834,54.733387,32.7944832],"rotationMatrix":[-0.697579324,-0.716507494,0,0.716507494,-0.697579324,0,0,0,1],"scale":1,"type":"italy_rockface_boulder_1"}
{"pos":[-24.20368,94.0641022,32.589241],"rotationMatrix":[-0.844296932,-0.535875857,0,0.535875857,-0.844296932,0,0,0,1],"scale":1,"type":"italy_rockface_boulder_1"}
{"pos":[-53.236702,84.8161621,32.7951088],"rotationMatrix":[-0.965678453,-0.259740651,0,0.259740651,-0.965678453,0,0,0,1],"scale":1,"type":"italy_rockface_boulder_1"}
{"pos":[-50.2206726,87.2096863,32.8348274],"rotationMatrix":[-0.412391633,-0.911006629,0,0.911006629,-0.412391633,0,0,0,1],"scale":1,"type":"italy_rockface_boulder_1"}
{"pos":[-44.8896637,98.298233,32.940258],"rotationMatrix":[-0.698030829,-0.716067612,0,0.716067612,-0.698030829,0,0,0,1],"scale":1,"type":"italy_rockface_boulder_1"}
{"pos":[-38.7585449,78.4072189,32.6431007],"rotationMatrix":[0.9842242,0.176925704,0,-0.176925704,0.9842242,0,0,0,1],"scale":1,"type":"italy_rockface_boulder_1"}
{"pos":[-26.4957581,86.2936096,32.5841446],"rotationMatrix":[-0.973471761,0.228807211,0,-0.228807211,-0.973471761,0,0,0,1],"scale":1,"type":"italy_rockface_boulder_1"}
{"pos":[-39.5542374,68.4057159,32.9156189],