{"pos":[-579.051208,-261.503845,96.3466721],"rotationMatrix":[-0.997382581,0.0723046064,0,-0.0723046064,-0.997382581,0,0,0,1],"scale":1.274755,"type":"italy_rockface_boulder_2"}
{"pos":[-645.2229,-234.47966,63.3835564],"rotationMatrix":[-0.448381037,-0.893842459,0,0.893842459,-0.448381037,0,0,0,1],"scale":1.05126119,"type":"italy_rockface_boulder_2"}
{"pos":[-692.497681,755.52771,60.8958893],"rotationMatrix":[0.92561543,-0.378465235,0,0.378465235,0.92561543,0,0,0,1],"scale":1.29584742,"type":"italy_rockface_boulder_2"}
{"pos":[-659.496399,725.684204,74.3515244],"rotationMatrix":[-0.831715226,0.555202484,0,-0.555202484,-0.831715226,0,0,0,1],"scale":1.32793975,"type":"italy_rockface_boulder_2"}
{"pos":[-44.8710556,85.6193848,32.8695221],"rotationMatrix":[0.901082873,-0.433646828,0,0.433646828,0.901082873,0,0,0,1],"scale":1,"type":"italy_rockface_boulder_2"}
{"pos":[-57.5401917,83.3860245,32.7259445],"rotationMatrix":[-0.0172929168,-0.999850452,0,0.999850452,-0.0172929168,0,0,0,1],"scale":1,"type":"italy_rockface_boulder_2"}
{"pos":[-44.8815956,100.432587,33.0644379],"rotationMatrix":[0.325792164,-0.945441365,0,0.945441365,0.325792164,0,0,0,1],"scale":1,"type":"italy_rockface_boulder_2"}
{"pos":[-39.05159,88.5183868,32.6708755],"rotationMatrix":[-0.781587422,-0.623795807,0,0.623795807,-0.781587422,0,0,0,1],"scale":1,"type":"italy_rockface_boulder_2"}
{"pos":[-27.0929585,91.690155,32.9594231],"rotationMatrix":[-0.954625726,-0.297808081,0,0.297808081,-0.954625726,0,0,0,1],"scale":1,"type":"italy_rockface_boulder_2"}
{"pos":[-34.8336792,92.542366,33.0225449],"rotationMatrix":[-0.574406683,-0.818570018,0,0.818570018,-0.574406683,0,0,0,1],"scale":1,"type":"italy_rockface_boulder_2"}
{"pos":[-52.4927101,90.8080521,33.0434837],"rotationMatrix":[-0.996389687,0.0848966241,0,-0.0848966241,-0.996389687,0,0,0,1],"scale":1,"type":"italy_rockface_boulder_2"}
{"pos":[-33.7056084,82.4500732,32.6469994],"rotationMatrix":[0.991258264,0.131935388,0,-0.131935388,0.991258264,0,0,0,1],"scale":1,"type":"italy_rockface_boulder_2"}
{"pos":[-33.0126266,94.2474442,32.523941],"rotationMatrix":[-0.995593667,-0.093772389,0,0.093772389,-0.995593667,0,0,0,1],"scale":1,"type":"italy_rockface_boulder_2"}
{"pos":[-31.9093647,89.5241241,33.0266113],"rotationMatrix":[0.990396261,0.138257906,0,-0.138257906,0.990396261,0,0,0,1],"scale":1,"type":"italy_rockface_boulder_2"}
{"pos":[-47.0284004,76.6723175,33.0335426],"rotationMatrix":[-0.250270873,0.968175769,0,-0.968175769,-0.250270873,0,0,0,1],"scale":1,"type":"italy_rockface_boulder_2"}
{"pos":[-39.7911682,76.9714966,32.8611946],"rotationMatrix":[0.974680126,0.223603889,0,-0.223603889,0.974680126,0,0,0,1],"scale":1,"type":"italy_rockface_boulder_2"}
{"pos":[-27.6835651,87.886795,32.7688637],"rotationMatrix":[0.495218754,-0.868768215,0,0.868768215,0.495218754,0,0,0,1],"scale":1,"type":"italy_rockface_boulder_2"}
{"pos":[-41.3483658,93.9392929,33.081089],"rotationMatrix":[-0.955023944,-0.296528935,0,0.296528935,-0.955023944,0,0,0,1],"scale":1,"type":"italy_rockface_boulder_2"}
{"pos":[-37.8240433,76.0298462,32.6255264],"rotationMatrix":[0.0107988967,0.999941647,0,-0.999941647,0.0107988967,0,0,0,1],"scale":1,"type":"italy_rockface_boulder_2"}
{"pos":[-39.5652695,64.9132385,32.8163948],"rotationMatrix":[0.955142558,0.296146512,0,-0.296146512,0.955142558,0,0,0,1],"scale":1,"type":"italy_rockface_boulder_2"}
{"pos":[-33.9627037,70.3890152,32.7298164],"rotationMatrix":[0.552731395,-0.83335948,0,0.83335948,0.552731395,0,0,0,1],"scale":1,"type":"italy_rockface_boulder_2"}
{"pos":[-32.8912582,68.6320572,32.693718],"rotationMatrix":[-0.92189467,0.387440592,0,-0.387440592,-0.92189467,0,0,0,1],"scale":1,"type":"italy_rockface_boulder_2"}
{"pos":[-37.0084534,67.6445312,32.6989746],"rotationMatrix":[0.586149514,0.810202956,0,-0.810202956,0.586149514,0,0,0,1],"scale":1,"type":"italy_rockface_boulder_2"}
{"pos":[-49.3187904,67.0272827,32.8850784],"rotationMatrix":[0.519626796,-0.854393244,0,0.854393244,0.519626796,0,0,0,1],"scale":1,"type":"italy_rockface_boulder_2"}
{"pos":[-42.1603127,72.3777695,32.673336],"rotationMatrix":[-0.351323903,0.936253905,0,-0.936253905,-0.351323903,0,0,0,1],"scale":1,"type":"italy_rockface_boulder_2"}
{"pos":[-51.2333488,68.2634964,32.7997398],"rotationMatrix":[-0.0892924815,0.996005416,0,-0.996005416,-0.0892924815,0,0,0,1],"scale":1,"type":"italy_rockface_boulder_2"}
{"pos":[-35.6833801,66.1821747,32.9654922],"rotationMatrix":[0.893677115,-0.448710442,0,0.448710442,0.893677115,0,0,0,1],"scale":1,"type":"italy_rockface_boulder_2"}
{"pos":[-30.7587948,81.6924744,32.6776924],"rotationMatrix":[-0.984174132,0.177204028,0,-0.177204028,-0.984174132,0,0,0,1],"scale":1,"type":"italy_rockface_boulder_2"}
{"pos":[-31.8628883,72.413681,32.6573906],"rotationMatrix":[-0.272320062,0.962206662,0,-0.962206662,-0.272320062,0,0,0,1],"scale":1,"type":"italy_rockface_boulder_2"}
{"pos":[-55.4575043,74.4289246,32.7065506],"rotationMatrix":[0.223767564,-0.974642515,0,0.974642515,0.223767564,0,0,0,1],"scale":1,"type":"italy_rockface_boulder_2"}
{"pos":[-56.5996361,78.668045,32.9826698],"rotationMatrix":[-0.149988249,0.988687754,0,-0.988687754,-0.149988249,0,0,0,1],"scale":1,"type":"italy_rockface_boulder_2"}
{"pos":[-23.4296246,59.6222992,32.0988693],"rotationMatrix":[0.853557944,0.520997941,0,-0.520997941,0.853557944,0,0,0,1],"scale":1,"type":"italy_rockface_boulder_2"}
{"pos":[-32.0205994,55.0931091,32.9754715],"rotationMatrix":[-0.0182673931,0.999833047,0,-0.999833047,-0.0182673931,0,0,0,1],"scale":1,"type":"italy_rockface_boulder_2"}
{"pos":[-23.1864185,76.7595978,32.7086563],"rotationMatrix":[0.258107692,-0.966116071,0,0.966116071,0.258107692,0,0,0,1],"scale":1,"type":"italy_rockface_boulder_2"}
{"pos":[-35.2832336,55.1264572,32.6362572],"rotationMatrix":[0.997192323,-0.0748827681,0,0.0748827681,0.997192323,0,0,0,1],"scale":1,"type":"italy_rockface_boulder_2"}
{"pos":[-51.4544029,61.5161819,32.8801765],"rotationMatrix":[0.996144533,0.0877265185,0,-0.0877265185,0.996144533,0,0,0,1],"scale":1,"type":"italy_rockface_boulder_2"}
{"pos":[-24.9008656,62.0964851,31.8002892],"rotationMatrix":[-0.982354105,0.187030405,0,-0.187030405,-0.982354105,0,0,0,1],"scale":1,"type":"italy_rockface_boulder_2"}
{"pos":[-39.4439392,52.6170959,32.8991661],"rotationMatrix":[-0.622733533,0.782433867,0,-0.782433867,-0.622733533,0,0,0,1],"scale":1,"type":"italy_rockface_boulder_2"}
{"pos":[-21.4846592,70.2435379,32.4755669],"rotationMatrix":[-0.997728169,-0.0673686117,0,0.0673686117,-0.997728169,0,0,0,1],"scale":1,"type":"italy_rockface_boulder_2"}
{"pos":[-24.5620251,73.7487411,32.60709],"rotationMatrix":[-0.524902225,0.851162434,0,-0.851162434,-0.524902225,0,0,0,1],"scale":1,"type":"italy_rockface_boulder_2"}
{"pos":[-38.9925156,74.9186401,32.6067886],"rotationMatrix":[-0.813922822,0.58097285,0,-0.58097285,-0.813922822,0,0,0,1],"scale":1,"type":"italy_rockface_boulder_2"}
{"pos":[-29.8426342,91.3345032,32.8990402],"rotationMatrix":[-0.823460162,-0.567374229,0,0.567374229,-0.823460162,0,0,0,1],"scale":1,"type":"italy_rockface_boulder_2"}
{"pos":[-40.9760361,95.4858398,32.9551392],"rotationMatrix":[0.451814145,-0.892112017,0,0.892112017,0.451814145,0,0,0,1],"scale":1,"type":"italy_rockface_boulder_2"}
{"pos":[-25.5664177,76.9429321,32.5095444],"rotationMatrix":[-0.545644343,0.838016748,0,-0.838016748,-0.545644343,0,0,0,1],"scale":1,"type":"italy_rockface_boulder_2"}
{"pos":[-44.194519,69.6320953,32.6228333],"rotationMatrix":[0.0577070974,-0.998333454,0,0.998333454,0.0577070974,0,0,0,1],"scale":1,"type":"italy_rockface_boulder_2"}
{"pos":[-55.4617043,91.7096481,32.7849884],"rotationMatrix":[-0.566488147,0.824069738,0,-0.824069738,-0.566488147,0,0,0,1],"scale":1,"type":"italy_rockface_boulder_2"}
{"pos":[-61.0093994,86.8036652,32.7990494],"rotationMatrix":[-0.057674896,-0.998335421,0,0.998335421,-0.057674896,0,0,0,1],"scale":1,"type":"italy_rockface_boulder_2"}
{"pos":[-37.2782822,102.064835,32.6764259],