{"pos":[-161.506302,99.5133591,438.452087],"rotationMatrix":[0.828978539,0.559280515,0,-0.559280515,0.828978539,0,0,0,1],"scale":1.41723418,"type":"italy_rockface_boulder_4"}
{"pos":[-156.935425,104.283798,442.191345],"rotationMatrix":[-0.0841283351,-0.996454835,0,0.996454835,-0.0841283351,0,0,0,1],"scale":1.08191741,"type":"italy_rockface_boulder_4"}
{"pos":[-155.121979,104.801254,443.909546],"rotationMatrix":[0.0601649843,0.998188436,0,-0.998188436,0.0601649843,0,0,0,1],"scale":1.54975176,"type":"italy_rockface_boulder_4"}
{"pos":[-165,96.5035172,439.077362],"rotationMatrix":[0.516197145,0.85646987,0,-0.85646987,0.516197145,0,0,0,1],"scale":2.18563414,"type":"italy_rockface_boulder_4"}
{"pos":[-160.978638,87.0247726,432.857208],"rotationMatrix":[0.982684791,0.185285211,0,-0.185285211,0.982684791,0,0,0,1],"scale":1.39836097,"type":"italy_rockface_boulder_4"}
{"pos":[-155.297684,87.015152,432.511017],"rotationMatrix":[-0.0882708505,0.996096432,0,-0.996096432,-0.0882708505,0,0,0,1],"scale":1.58049357,"type":"italy_rockface_boulder_4"}
{"pos":[-155.017258,82.010376,430.343445],"rotationMatrix":[0.869292974,0.494297266,0,-0.494297266,0.869292974,0,0,0,1],"scale":1.53528869,"type":"italy_rockface_boulder_4"}
{"pos":[-615.492615,-238.723846,73.977562],"rotationMatrix":[0.866570115,0.499055445,0,-0.499055445,0.866570115,0,0,0,1],"scale":1.11204422,"type":"italy_rockface_boulder_4"}
{"pos":[-595.257202,-221.973099,84.7480011],"rotationMatrix":[0.997707546,-0.0676727742,0,0.0676727742,0.997707546,0,0,0,1],"scale":1.97211027,"type":"italy_rockface_boulder_4"}
{"pos":[-686.334106,743.402771,64.6204758],"rotationMatrix":[-0.30302605,0.952982247,0,-0.952982247,-0.30302605,0,0,0,1],"scale":1.16980016,"type":"italy_rockface_boulder_4"}
{"pos":[-683.389648,741.522339,64.6892471],"rotationMatrix":[0.801910877,0.597443759,0,-0.597443759,0.801910877,0,0,0,1],"scale":1.31873536,"type":"italy_rockface_boulder_4"}
{"pos":[-679.322083,759.127869,66.1418839],"rotationMatrix":[-0.96520102,-0.261509359,0,0.261509359,-0.96520102,0,0,0,1],"scale":1.57342386,"type":"italy_rockface_boulder_4"}
{"pos":[-682.8703,761.962524,64.7117081],"rotationMatrix":[-0.923092365,0.384578288,0,-0.384578288,-0.923092365,0,0,0,1],"scale":1.30886745,"type":"italy_rockface_boulder_4"}
{"pos":[-675.209412,756.398438,69.1165466],"rotationMatrix":[-0.760456264,-0.649389148,0,0.649389148,-0.760456264,0,0,0,1],"scale":1.21986282,"type":"italy_rockface_boulder_4"}
{"pos":[-667.980957,731.257507,66.6980133],"rotationMatrix":[0.926887453,0.375339538,0,-0.375339538,0.926887453,0,0,0,1],"scale":1.86602354,"type":"italy_rockface_boulder_4"}
{"pos":[-672.412537,724.545166,67.8109818],"rotationMatrix":[0.141515121,-0.989936113,0,0.989936113,0.141515121,0,0,0,1],"scale":1.15205002,"type":"italy_rockface_boulder_4"}
{"pos":[-47.9532242,85.1982269,33.0468102],"rotationMatrix":[-0.0146963708,0.999891937,0,-0.999891937,-0.0146963708,0,0,0,1],"scale":1,"type":"italy_rockface_boulder_4"}
{"pos":[-49.8773155,79.7462845,33.0249023],"rotationMatrix":[0.895676732,-0.444705635,0,0.444705635,0.895676732,0,0,0,1],"scale":1,"type":"italy_rockface_boulder_4"}
{"pos":[-33.1102295,105.046257,32.3517456],"rotationMatrix":[0.294329971,-0.955703855,0,0.955703855,0.294329971,0,0,0,1],"scale":1,"type":"italy_rockface_boulder_4"}
{"pos":[-42.7457581,93.466011,32.7995834],"rotationMatrix":[0.995212853,-0.0977306217,0,0.0977306217,0.995212853,0,0,0,1],"scale":1,"type":"italy_rockface_boulder_4"}
{"pos":[-43.503006,76.8266754,32.6546974],"rotationMatrix":[0.55776453,-0.829999208,0,0.829999208,0.55776453,0,0,0,1],"scale":1,"type":"italy_rockface_boulder_4"}
{"pos":[-47.399025,106.782524,32.6062126],"rotationMatrix":[0.865645766,0.500657022,0,-0.500657022,0.865645766,0,0,0,1],"scale":1,"type":"italy_rockface_boulder_4"}
{"pos":[-32.7184334,85.1170349,32.9809647],"rotationMatrix":[-0.517311752,0.855796933,0,-0.855796933,-0.517311752,0,0,0,1],"scale":1,"type":"italy_rockface_boulder_4"}
{"pos":[-56.5731583,93.1399918,32.9081192],"rotationMatrix":[-0.395761043,0.918353438,0,-0.918353438,-0.395761043,0,0,0,1],"scale":1,"type":"italy_rockface_boulder_4"}
{"pos":[-45.1727371,84.0392609,33.0008278],"rotationMatrix":[-0.876339912,-0.481693417,0,0.481693417,-0.876339912,0,0,0,1],"scale":1,"type":"italy_rockface_boulder_4"}
{"pos":[-56.5175476,106.215553,32.6439209],"rotationMatrix":[-0.840106308,-0.542421639,0,0.542421639,-0.840106308,0,0,0,1],"scale":1,"type":"italy_rockface_boulder_4"}
{"pos":[-34.3370285,106.959328,32.3225975],"rotationMatrix":[0.566102147,0.824335217,0,-0.824335217,0.566102147,0,0,0,1],"scale":1,"type":"italy_rockface_boulder_4"}
{"pos":[-60.2234344,83.0314484,32.8431053],"rotationMatrix":[0.972804725,-0.23162666,0,0.23162666,0.972804725,0,0,0,1],"scale":1,"type":"italy_rockface_boulder_4"}
{"pos":[-43.298851,105.75927,32.6406403],"rotationMatrix":[-0.156547859,0.987670302,0,-0.987670302,-0.156547859,0,0,0,1],"scale":1,"type":"italy_rockface_boulder_4"}
{"pos":[-46.3749466,92.1824417,32.8019714],"rotationMatrix":[-0.115332223,0.993326902,0,-0.993326902,-0.115332223,0,0,0,1],"scale":1,"type":"italy_rockface_boulder_4"}
{"pos":[-56.4880066,80.4529114,32.9829597],"rotationMatrix":[0.98186934,0.189558774,0,-0.189558774,0.98186934,0,0,0,1],"scale":1,"type":"italy_rockface_boulder_4"}
{"pos":[-27.4872341,85.2590866,32.7742844],"rotationMatrix":[0.708016932,0.706195593,0,-0.706195593,0.708016932,0,0,0,1],"scale":1,"type":"italy_rockface_boulder_4"}
{"pos":[-46.3055992,105.747261,33.0908012],"rotationMatrix":[0.926162958,0.377123535,0,-0.377123535,0.926162958,0,0,0,1],"scale":1,"type":"italy_rockface_boulder_4"}
{"pos":[-40.3986282,81.8644333,32.8111115],"rotationMatrix":[-0.995933771,0.0900882259,0,-0.0900882259,-0.995933771,0,0,0,1],"scale":1,"type":"italy_rockface_boulder_4"}
{"pos":[-56.3297539,90.5623322,32.7169037],"rotationMatrix":[0.00430836109,-0.999990642,0,0.999990642,0.00430836109,0,0,0,1],"scale":1,"type":"italy_rockface_boulder_4"}
{"pos":[-61.6468544,82.8367386,33.0359993],"rotationMatrix":[0.503926218,-0.863746703,0,0.863746703,0.503926218,0,0,0,1],"scale":1,"type":"italy_rockface_boulder_4"}
{"pos":[-31.8458462,97.2124557,32.6431389],"rotationMatrix":[-0.544690549,-0.838637233,0,0.838637233,-0.544690549,0,0,0,1],"scale":1,"type":"italy_rockface_boulder_4"}
{"pos":[-53.0401268,83.329422,32.6788025],"rotationMatrix":[0.85745132,0.51456517,0,-0.51456517,0.85745132,0,0,0,1],"scale":1,"type":"italy_rockface_boulder_4"}
{"pos":[-30.6489048,92.5994568,32.7225571],"rotationMatrix":[-0.960298181,-0.278975576,0,0.278975576,-0.960298181,0,0,0,1],"scale":1,"type":"italy_rockface_boulder_4"}
{"pos":[-44.4551544,102.160202,32.6029015],"rotationMatrix":[-0.0412348062,-0.999149501,0,0.999149501,-0.0412348062,0,0,0,1],"scale":1,"type":"italy_rockface_boulder_4"}
{"pos":[-31.4293175,63.4442673,32.9548187],"rotationMatrix":[0.956215918,0.292662203,0,-0.292662203,0.956215918,0,0,0,1],"scale":1,"type":"italy_rockface_boulder_4"}
{"pos":[-38.2013245,63.8719711,32.8524933],"rotationMatrix":[-0.987403035,0.158225447,0,-0.158225447,-0.987403035,0,0,0,1],"scale":1,"type":"italy_rockface_boulder_4"}
{"pos":[-59.5774651,65.4668121,33.0546761],"rotationMatrix":[-0.602757514,-0.797924399,0,0.797924399,-0.602757514,0,0,0,1],"scale":1,"type":"italy_rockface_boulder_4"}
{"pos":[-41.3885117,64.8413086,32.6950302],"rotationMatrix":[-0.969866276,-0.243637756,0,0.243637756,-0.969866276,0,0,0,1],"scale":1,"type":"italy_rockface_boulder_4"}
{"pos":[-26.3680744,71.7642822,32.776947],"rotationMatrix":[-0.234077692,-0.972217917,0,0.972217917,-0.234077692,0,0,0,1],"scale":1,"type":"italy_rockface_boulder_4"}
{"pos":[-31.0520496,68.1777039,32.9011421],"rotationMatrix":[0.587558389,-0.809181809,0,0.809181809,0.587558389,0,0,0,1],"scale":1,"type":"italy_rockface_boulder_4"}
{"pos":[-60.547821,76.6762924,33.0937347],"rotationMatrix":[-0.993735909,0.111753747,0,-0.111753747,-0.993735909,0,0,0,1],"scale":1,