{"pos":[-157.958725,78.842926,429.349823],"rotationMatrix":[-0.799731135,-0.600358248,0,0.600358248,-0.799731135,0,0,0,1],"scale":1.95346451,"type":"italy_rockface_small_1"}
{"pos":[-574.904114,-240.962433,97.3284988],"rotationMatrix":[-0.618827343,0.785526872,0,-0.785526872,-0.618827343,0,0,0,1],"scale":1.94479346,"type":"italy_rockface_small_1"}
{"pos":[-604.914062,-244.567337,79.8998718],"rotationMatrix":[0.661510348,0.749936104,0,-0.749936104,0.661510348,0,0,0,1],"scale":1.95871055,"type":"italy_rockface_small_1"}
{"pos":[-650.632141,-227.233215,60.3747177],"rotationMatrix":[0.994429648,0.105402134,0,-0.105402134,0.994429648,0,0,0,1],"scale":1.74848247,"type":"italy_rockface_small_1"}
{"pos":[-638.947693,-206.942673,57.4425049],"rotationMatrix":[0.681658745,-0.731670201,0,0.731670201,0.681658745,0,0,0,1],"scale":1.67335987,"type":"italy_rockface_small_1"}
{"pos":[-676.052124,753.133728,66.1220474],"rotationMatrix":[0.151417837,-0.988469839,0,0.988469839,0.151417837,0,0,0,1],"scale":1.75433993,"type":"italy_rockface_small_1"}
{"pos":[-687.554749,759.440063,60.5040627],"rotationMatrix":[0.591922939,-0.805994511,0,0.805994511,0.591922939,0,0,0,1],"scale":1.05784023,"type":"italy_rockface_small_1"}
{"pos":[-674.524475,751.915833,67.4745255],"rotationMatrix":[-0.527808368,-0.849363387,0,0.849363387,-0.527808368,0,0,0,1],"scale":1.71287227,"type":"italy_rockface_small_1"}
{"pos":[-665.83374,717.613403,68.5798187],"rotationMatrix":[0.759635925,0.650348723,0,-0.650348723,0.759635925,0,0,0,1],"scale":1.5013144,"type":"italy_rockface_small_1"}
