{"pos":[-159.660919,104.941223,441.070007],"rotationMatrix":[0.968054175,0.250741273,0,-0.250741273,0.968054175,0,0,0,1],"scale":1.5556215,"type":"italy_rockface_boulder_3"}
{"pos":[-156.657486,99.6157761,439.10022],"rotationMatrix":[0.697066247,0.717006862,0,-0.717006862,0.697066247,0,0,0,1],"scale":1.14465928,"type":"italy_rockface_boulder_3"}
{"pos":[-155.398743,101.108002,441.862885],"rotationMatrix":[-0.95177722,-0.306790173,0,0.306790173,-0.95177722,0,0,0,1],"scale":1.18020689,"type":"italy_rockface_boulder_3"}
{"pos":[-154.77594,91.887619,435.750519],"rotationMatrix":[-0.139785498,0.990181744,0,-0.990181744,-0.139785498,0,0,0,1],"scale":1.53311682,"type":"italy_rockface_boulder_3"}
{"pos":[-158.487808,90.4981613,435.486908],"rotationMatrix":[-0.671794951,0.740737021,0,-0.740737021,-0.671794951,0,0,0,1],"scale":1.41202307,"type":"italy_rockface_boulder_3"}
{"pos":[-158.791122,88.5866699,433.299622],"rotationMatrix":[-0.0585295893,0.998285651,0,-0.998285651,-0.0585295893,0,0,0,1],"scale":1.4475565,"type":"italy_rockface_boulder_3"}
{"pos":[-571.071228,-261.368225,99.2968063],"rotationMatrix":[-0.859581113,-0.510999441,0,0.510999441,-0.859581113,0,0,0,1],"scale":1.57851934,"type":"italy_rockface_boulder_3"}
{"pos":[-583.203369,-233.645874,94.219162],"rotationMatrix":[0.00171011209,0.99999845,0,-0.99999845,0.00171011209,0,0,0,1],"scale":1.43200791,"type":"italy_rockface_boulder_3"}
{"pos":[-694.092896,755.182434,63.3263702],"rotationMatrix":[0.990626097,0.136601031,0,-0.136601031,0.990626097,0,0,0,1],"scale":1.16968513,"type":"italy_rockface_boulder_3"}
{"pos":[-681.591553,753.954285,62.1717529],"rotationMatrix":[0.305315286,-0.952251315,0,0.952251315,0.305315286,0,0,0,1],"scale":1.35973239,"type":"italy_rockface_boulder_3"}
{"pos":[-680.311646,742.390442,63.709938],"rotationMatrix":[0.656220019,-0.75456965,0,0.75456965,0.656220019,0,0,0,1],"scale":1.57331288,"type":"italy_rockface_boulder_3"}
{"pos":[-683.149292,746.05365,62.2011986],"rotationMatrix":[0.883909285,-0.467658252,0,0.467658252,0.883909285,0,0,0,1],"scale":1.58966088,"type":"italy_rockface_boulder_3"}
{"pos":[-694.994263,757.13385,61.7708206],"rotationMatrix":[0.310989529,-0.950413346,0,0.950413346,0.310989529,0,0,0,1],"scale":1.68869305,"type":"italy_rockface_boulder_3"}
{"pos":[-668.738892,734.33551,67.185524],"rotationMatrix":[-0.3056328,0.952149391,0,-0.952149391,-0.3056328,0,0,0,1],"scale":1.87218475,"type":"italy_rockface_boulder_3"}
{"pos":[-670.059814,723.546448,67.4870682],"rotationMatrix":[0.288157374,-0.95758307,0,0.95758307,0.288157374,0,0,0,1],"scale":1.296381,"type":"italy_rockface_boulder_3"}
{"pos":[-671.285645,729.110718,67.4769669],"rotationMatrix":[-0.201617658,-0.979464293,0,0.979464293,-0.201617658,0,0,0,1],"scale":1.94228315,"type":"italy_rockface_boulder_3"}
{"pos":[-39.5080185,97.3909302,32.8804932],"rotationMatrix":[-0.289951295,-0.957041323,0,0.957041323,-0.289951295,0,0,0,1],"scale":1,"type":"italy_rockface_boulder_3"}
{"pos":[-34.5059891,108.843513,32.7065239],"rotationMatrix":[-0.831041932,-0.556209743,0,0.556209743,-0.831041932,0,0,0,1],"scale":1,"type":"italy_rockface_boulder_3"}
{"pos":[-35.2447929,94.9815979,32.6063919],"rotationMatrix":[0.999473035,0.0324581489,0,-0.0324581489,0.999473035,0,0,0,1],"scale":1,"type":"italy_rockface_boulder_3"}
{"pos":[-54.8985939,90.3114777,32.8353386],"rotationMatrix":[0.832105875,-0.554616868,0,0.554616868,0.832105875,0,0,0,1],"scale":1,"type":"italy_rockface_boulder_3"}
{"pos":[-45.1825256,111.465218,32.2191582],"rotationMatrix":[-0.852073491,-0.523422301,0,0.523422301,-0.852073491,0,0,0,1],"scale":1,"type":"italy_rockface_boulder_3"}
{"pos":[-54.8117752,105.599167,33.0924034],"rotationMatrix":[0.865367174,-0.50113827,0,0.50113827,0.865367174,0,0,0,1],"scale":1,"type":"italy_rockface_boulder_3"}
{"pos":[-61.351326,96.1822586,33.0690804],"rotationMatrix":[0.912795067,-0.408417761,0,0.408417761,0.912795067,0,0,0,1],"scale":1,"type":"italy_rockface_boulder_3"}
{"pos":[-37.1650314,92.8549805,33.0059471],"rotationMatrix":[-0.391345501,-0.920243859,0,0.920243859,-0.391345501,0,0,0,1],"scale":1,"type":"italy_rockface_boulder_3"}
{"pos":[-58.5944862,81.5903015,32.9519806],"rotationMatrix":[-0.185765982,-0.982594013,0,0.982594013,-0.185765982,0,0,0,1],"scale":1,"type":"italy_rockface_boulder_3"}
{"pos":[-29.2524395,100.660912,32.8915596],"rotationMatrix":[0.989650249,-0.14350006,0,0.14350006,0.989650249,0,0,0,1],"scale":1,"type":"italy_rockface_boulder_3"}
{"pos":[-41.3925629,80.7531891,33.0435143],"rotationMatrix":[-0.995484233,-0.0949266478,0,0.0949266478,-0.995484233,0,0,0,1],"scale":1,"type":"italy_rockface_boulder_3"}
{"pos":[-32.6709099,92.8057175,32.6015739],"rotationMatrix":[0.999973834,-0.00722348224,0,0.00722348224,0.999973834,0,0,0,1],"scale":1,"type":"italy_rockface_boulder_3"}
{"pos":[-38.3275375,100.170212,32.8017387],"rotationMatrix":[-0.999504268,0.0314833,0,-0.0314833,-0.999504268,0,0,0,1],"scale":1,"type":"italy_rockface_boulder_3"}
{"pos":[-37.4828568,88.8189621,32.6674614],"rotationMatrix":[0.628669202,-0.777672768,0,0.777672768,0.628669202,0,0,0,1],"scale":1,"type":"italy_rockface_boulder_3"}
{"pos":[-57.95681,85.4596329,33.0667381],"rotationMatrix":[0.421327472,0.906908691,0,-0.906908691,0.421327472,0,0,0,1],"scale":1,"type":"italy_rockface_boulder_3"}
{"pos":[-41.3366356,91.933197,32.6061172],"rotationMatrix":[0.787188828,-0.616711974,0,0.616711974,0.787188828,0,0,0,1],"scale":1,"type":"italy_rockface_boulder_3"}
{"pos":[-31.8192234,76.6829834,32.9828568],"rotationMatrix":[-0.155998215,0.987757325,0,-0.987757325,-0.155998215,0,0,0,1],"scale":1,"type":"italy_rockface_boulder_3"}
{"pos":[-43.8697662,64.7773666,32.7969513],"rotationMatrix":[-0.99108243,-0.133250326,0,0.133250326,-0.99108243,0,0,0,1],"scale":1,"type":"italy_rockface_boulder_3"}
{"pos":[-44.5672455,92.6829071,32.681839],"rotationMatrix":[0.277397037,0.960755467,0,-0.960755467,0.277397037,0,0,0,1],"scale":1,"type":"italy_rockface_boulder_3"}
{"pos":[-42.4874077,66.1056976,32.6616974],"rotationMatrix":[0.945583999,0.325378209,0,-0.325378209,0.945583999,0,0,0,1],"scale":1,"type":"italy_rockface_boulder_3"}
{"pos":[-49.8127975,58.6684113,32.827816],"rotationMatrix":[0.998052776,0.0623744316,0,-0.0623744316,0.998052776,0,0,0,1],"scale":1,"type":"italy_rockface_boulder_3"}
{"pos":[-32.7633934,67.2275391,32.8580399],"rotationMatrix":[0.999918342,0.0127758523,0,-0.0127758523,0.999918342,0,0,0,1],"scale":1,"type":"italy_rockface_boulder_3"}
{"pos":[-32.8229103,65.3180695,32.7982445],"rotationMatrix":[0.960098386,-0.279662311,0,0.279662311,0.960098386,0,0,0,1],"scale":1,"type":"italy_rockface_boulder_3"}
{"pos":[-41.9594193,69.6276398,32.8956642],"rotationMatrix":[-0.162017986,-0.986787796,0,0.986787796,-0.162017986,0,0,0,1],"scale":1,"type":"italy_rockface_boulder_3"}
{"pos":[-51.3592491,64.2349472,33.0873413],"rotationMatrix":[-0.10100548,-0.994885802,0,0.994885802,-0.10100548,0,0,0,1],"scale":1,"type":"italy_rockface_boulder_3"}
{"pos":[-52.629837,59.9096222,32.9525719],"rotationMatrix":[-0.99996084,0.00884387083,0,-0.00884387083,-0.99996084,0,0,0,1],"scale":1,"type":"italy_rockface_boulder_3"}
{"pos":[-43.6264038,68.2904587,32.710701],"rotationMatrix":[-0.560204327,0.828354359,0,-0.828354359,-0.560204327,0,0,0,1],"scale":1,"type":"italy_rockface_boulder_3"}
{"pos":[-48.6649895,56.7911987,32.7404289],"rotationMatrix":[-0.876150787,-0.482037306,0,0.482037306,-0.876150787,0,0,0,1],"scale":1,"type":"italy_rockface_boulder_3"}
{"pos":[-28.7819614,74.0666046,32.7222824],"rotationMatrix":[-0.37027958,-0.928920388,0,0.928920388,-0.37027958,0,0,0,1],"scale":1,"type":"italy_rockface_boulder_3"}
{"pos":[-49.2488098,74.9118652,32.9880905],"rotationMatrix":[-0.999627948,-0.027272569,0,0.027272569,-0.999627948,0,0,0,1],"scale":1,"type":"italy_rockface_boulder_3"}
{"pos":[-24.7373791,83.3381271,32.7661095],"rotationMatrix":[-0.950196385,0.311651528,0,-0.311651528,-0.950196385,0,0,0,1],"scale":1,