{"pos":[-50.944809,109.62072,32.2930107],"rotationMatrix":[0.982594728,0.185762197,0,-0.185762197,0.982594728,0,0,0,1],"scale":1,"type":"pac_rock_large_3"}
{"pos":[-59.0775986,87.4016037,32.4561996],"rotationMatrix":[-0.976168156,-0.21701555,0,0.21701555,-0.976168156,0,0,0,1],"scale":1,"type":"pac_rock_large_3"}
{"pos":[-37.8638687,82.5468826,32.5848579],"rotationMatrix":[0.512221992,0.858853221,0,-0.858853221,0.512221992,0,0,0,1],"scale":1,"type":"pac_rock_large_3"}
{"pos":[-38.4123535,80.1598969,32.1264229],"rotationMatrix":[-0.692164123,0.721740007,0,-0.721740007,-0.692164123,0,0,0,1],"scale":1,"type":"pac_rock_large_3"}
{"pos":[-34.5101776,76.8131104,32.1850128],"rotationMatrix":[0.420672625,-0.907212496,0,0.907212496,0.420672625,0,0,0,1],"scale":1,"type":"pac_rock_large_3"}
{"pos":[-28.5345783,92.7502747,32.474678],"rotationMatrix":[0.930692554,-0.365802139,0,0.365802139,0.930692554,0,0,0,1],"scale":1,"type":"pac_rock_large_3"}
{"pos":[-41.5671234,88.3464127,32.213726],"rotationMatrix":[0.997463763,-0.0711749494,0,0.0711749494,0.997463763,0,0,0,1],"scale":1,"type":"pac_rock_large_3"}
{"pos":[-32.396656,78.8350677,32.2295036],"rotationMatrix":[-0.798179448,0.602419555,0,-0.602419555,-0.798179448,0,0,0,1],"scale":1,"type":"pac_rock_large_3"}
{"pos":[-41.7848434,77.1639099,32.2849617],"rotationMatrix":[-0.998477757,0.0551545396,0,-0.0551545396,-0.998477757,0,0,0,1],"scale":1,"type":"pac_rock_large_3"}
{"pos":[-42.2413368,100.182549,32.5773239],"rotationMatrix":[0.987201214,0.15947935,0,-0.15947935,0.987201214,0,0,0,1],"scale":1,"type":"pac_rock_large_3"}
{"pos":[-45.4920502,108.651588,32.13871],"rotationMatrix":[-0.597935379,0.801544189,0,-0.801544189,-0.597935379,0,0,0,1],"scale":1,"type":"pac_rock_large_3"}
{"pos":[-39.0947571,107.970741,32.4105759],"rotationMatrix":[0.779767275,-0.626069427,0,0.626069427,0.779767275,0,0,0,1],"scale":1,"type":"pac_rock_large_3"}
{"pos":[-51.6088943,99.6409378,32.4634209],"rotationMatrix":[-0.228294924,0.973592043,0,-0.973592043,-0.228294924,0,0,0,1],"scale":1,"type":"pac_rock_large_3"}
{"pos":[-48.3124695,91.4636002,32.1365929],"rotationMatrix":[-0.116554163,0.993184328,0,-0.993184328,-0.116554163,0,0,0,1],"scale":1,"type":"pac_rock_large_3"}
{"pos":[-51.1110764,95.3031158,32.4007454],"rotationMatrix":[-0.999487698,0.0320025533,0,-0.0320025533,-0.999487698,0,0,0,1],"scale":1,"type":"pac_rock_large_3"}
{"pos":[-54.176075,76.2455292,32.4870415],"rotationMatrix":[-0.205302343,0.978698611,0,-0.978698611,-0.205302343,0,0,0,1],"scale":1,"type":"pac_rock_large_3"}
{"pos":[-29.141161,89.3018951,32.5133591],"rotationMatrix":[-0.91833365,0.395807058,0,-0.395807058,-0.91833365,0,0,0,1],"scale":1,"type":"pac_rock_large_3"}
{"pos":[-30.8978176,94.7108154,32.064167],"rotationMatrix":[0.887737155,-0.460350692,0,0.460350692,0.887737155,0,0,0,1],"scale":1,"type":"pac_rock_large_3"}
{"pos":[-46.1904602,82.4365768,32.3630753],"rotationMatrix":[0.0344152972,0.999407589,0,-0.999407589,0.0344152972,0,0,0,1],"scale":1,"type":"pac_rock_large_3"}
{"pos":[-47.0394135,98.9721069,32.3075409],"rotationMatrix":[-0.992767572,0.120051846,0,-0.120051846,-0.992767572,0,0,0,1],"scale":1,"type":"pac_rock_large_3"}
{"pos":[-45.6181183,94.5929794,32.2080956],"rotationMatrix":[-0.269753426,-0.962929368,0,0.962929368,-0.269753426,0,0,0,1],"scale":1,"type":"pac_rock_large_3"}
{"pos":[-33.8420258,63.4214859,32.4129639],"rotationMatrix":[0.737211466,0.67566222,0,-0.67566222,0.737211466,0,0,0,1],"scale":1,"type":"pac_rock_large_3"}
{"pos":[-54.4068909,68.1160507,32.5269241],"rotationMatrix":[0.817180872,-0.576381326,0,0.576381326,0.817180872,0,0,0,1],"scale":1,"type":"pac_rock_large_3"}
{"pos":[-29.9645863,66.7587967,31.8072453],"rotationMatrix":[-0.106076889,-0.994357944,0,0.994357944,-0.106076889,0,0,0,1],"scale":1,"type":"pac_rock_large_3"}
{"pos":[-46.5520325,65.5350418,32.5332565],"rotationMatrix":[-0.507688046,-0.861540914,0,0.861540914,-0.507688046,0,0,0,1],"scale":1,"type":"pac_rock_large_3"}
{"pos":[-46.9043121,58.3396835,32.5499496],"rotationMatrix":[0.602260172,-0.798299849,0,0.798299849,0.602260172,0,0,0,1],"scale":1,"type":"pac_rock_large_3"}
{"pos":[-26.9139881,74.1587219,32.3412056],"rotationMatrix":[0.257553697,0.966264009,0,-0.966264009,0.257553697,0,0,0,1],"scale":1,"type":"pac_rock_large_3"}
{"pos":[-48.1469345,63.2557335,32.161972],"rotationMatrix":[-0.534376681,0.845246375,0,-0.845246375,-0.534376681,0,0,0,1],"scale":1,"type":"pac_rock_large_3"}
{"pos":[-61.654068,69.6271973,32.1557159],"rotationMatrix":[0.999959171,-0.0090323817,0,0.0090323817,0.999959171,0,0,0,1],"scale":1,"type":"pac_rock_large_3"}
{"pos":[-36.5236893,58.0421143,32.4126282],"rotationMatrix":[0.746395409,-0.665502727,0,0.665502727,0.746395409,0,0,0,1],"scale":1,"type":"pac_rock_large_3"}
{"pos":[-21.3996181,78.7440338,31.891901],"rotationMatrix":[0.6309461,-0.775826573,0,0.775826573,0.6309461,0,0,0,1],"scale":1,"type":"pac_rock_large_3"}
{"pos":[-38.8373604,71.3535767,32.235218],"rotationMatrix":[-0.787529886,0.616276503,0,-0.616276503,-0.787529886,0,0,0,1],"scale":1,"type":"pac_rock_large_3"}
{"pos":[-46.1427803,80.399559,32.2632294],"rotationMatrix":[0.999997973,0.00199586409,0,-0.00199586409,0.999997973,0,0,0,1],"scale":1,"type":"pac_rock_large_3"}
{"pos":[-30.4602489,107.117828,32.1692047],"rotationMatrix":[-0.80026412,-0.59964776,0,0.59964776,-0.80026412,0,0,0,1],"scale":1,"type":"pac_rock_large_3"}
{"pos":[-45.8711777,103.611259,32.1681137],"rotationMatrix":[0.21287486,-0.977079451,0,0.977079451,0.21287486,0,0,0,1],"scale":1,"type":"pac_rock_large_3"}
{"pos":[-37.2188339,95.0238419,32.5256081],"rotationMatrix":[-0.949860632,-0.312673569,0,0.312673569,-0.949860632,0,0,0,1],"scale":1,"type":"pac_rock_large_3"}
{"pos":[-47.6136475,52.5623169,32.1569786],"rotationMatrix":[-0.98076272,0.195203424,0,-0.195203424,-0.98076272,0,0,0,1],"scale":1,"type":"pac_rock_large_3"}
{"pos":[-48.8322105,39.3971672,30.7623749],"rotationMatrix":[0.430690587,0.902499735,0,-0.902499735,0.430690587,0,0,0,1],"scale":1,"type":"pac_rock_large_3"}
{"pos":[-34.4194946,46.7570877,31.031353],"rotationMatrix":[0.3921386,0.919906259,0,-0.919906259,0.3921386,0,0,0,1],"scale":1,"type":"pac_rock_large_3"}
{"pos":[-22.6985874,47.9758606,30.1150723],"rotationMatrix":[-0.847982287,0.530024409,0,-0.530024409,-0.847982287,0,0,0,1],"scale":1,"type":"pac_rock_large_3"}
{"pos":[-45.466835,38.0842743,30.5766792],"rotationMatrix":[-0.328292996,0.944575906,0,-0.944575906,-0.328292996,0,0,0,1],"scale":1,"type":"pac_rock_large_3"}
{"pos":[-47.822113,43.2828789,30.5060234],"rotationMatrix":[-0.192475498,-0.981301785,0,0.981301785,-0.192475498,0,0,0,1],"scale":1,"type":"pac_rock_large_3"}
