{"pos":[-31.9356537,108.478416,31.8660393],"rotationMatrix":[0.877091408,-0.480323374,0,0.480323374,0.877091408,0,0,0,1],"scale":1,"type":"pac_rock_large_1"}
{"pos":[-43.2485771,90.5665054,32.553833],"rotationMatrix":[-0.427155137,0.904178262,0,-0.904178262,-0.427155137,0,0,0,1],"scale":1,"type":"pac_rock_large_1"}
{"pos":[-34.7108002,84.1890335,32.1652603],"rotationMatrix":[0.491920382,-0.870640159,0,0.870640159,0.491920382,0,0,0,1],"scale":1,"type":"pac_rock_large_1"}
{"pos":[-40.1498032,101.267029,32.4128494],"rotationMatrix":[-0.290064901,0.957006931,0,-0.957006931,-0.290064901,0,0,0,1],"scale":1,"type":"pac_rock_large_1"}
{"pos":[-36.6696854,108.365608,32.4736748],"rotationMatrix":[0.61306411,-0.790033102,0,0.790033102,0.61306411,0,0,0,1],"scale":1,"type":"pac_rock_large_1"}
{"pos":[-33.5636597,87.4252548,32.4008522],"rotationMatrix":[-0.648274004,-0.761407077,0,0.761407077,-0.648274004,0,0,0,1],"scale":1,"type":"pac_rock_large_1"}
{"pos":[-47.3562775,95.6236877,32.3152657],"rotationMatrix":[0.252922058,0.967486739,0,-0.967486739,0.252922058,0,0,0,1],"scale":1,"type":"pac_rock_large_1"}
{"pos":[-41.1203308,109.582977,32.1420593],"rotationMatrix":[0.985594869,0.169123501,0,-0.169123501,0.985594869,0,0,0,1],"scale":1,"type":"pac_rock_large_1"}
{"pos":[-57.8501816,95.8205414,32.2179031],"rotationMatrix":[-0.745575845,0.666420817,0,-0.666420817,-0.745575845,0,0,0,1],"scale":1,"type":"pac_rock_large_1"}
{"pos":[-52.9904366,96.7254715,32.5916367],"rotationMatrix":[0.875950634,0.482400835,0,-0.482400835,0.875950634,0,0,0,1],"scale":1,"type":"pac_rock_large_1"}
{"pos":[-47.5869637,73.8494873,32.5612907],"rotationMatrix":[0.885951936,0.463777155,0,-0.463777155,0.885951936,0,0,0,1],"scale":1,"type":"pac_rock_large_1"}
{"pos":[-44.5026093,72.6020355,32.1400719],"rotationMatrix":[0.636403501,0.771356463,0,-0.771356463,0.636403501,0,0,0,1],"scale":1,"type":"pac_rock_large_1"}
{"pos":[-59.6791649,91.3988266,32.2638359],"rotationMatrix":[-0.950466514,0.310827017,0,-0.310827017,-0.950466514,0,0,0,1],"scale":1,"type":"pac_rock_large_1"}
{"pos":[-35.5468903,101.752708,32.2995605],"rotationMatrix":[-0.036688976,0.999326706,0,-0.999326706,-0.036688976,0,0,0,1],"scale":1,"type":"pac_rock_large_1"}
{"pos":[-43.0996246,74.9748611,32.4135513],"rotationMatrix":[0.909953713,-0.414709687,0,0.414709687,0.909953713,0,0,0,1],"scale":1,"type":"pac_rock_large_1"}
{"pos":[-54.2169724,72.9047318,32.2017326],"rotationMatrix":[0.482779741,-0.875741839,0,0.875741839,0.482779741,0,0,0,1],"scale":1,"type":"pac_rock_large_1"}
{"pos":[-47.8546524,60.4239349,32.1415863],"rotationMatrix":[0.749406815,0.662109911,0,-0.662109911,0.749406815,0,0,0,1],"scale":1,"type":"pac_rock_large_1"}
{"pos":[-46.1199799,69.4834671,32.2115936],"rotationMatrix":[-0.417892247,0.908496499,0,-0.908496499,-0.417892247,0,0,0,1],"scale":1,"type":"pac_rock_large_1"}
{"pos":[-27.7138958,70.1418304,32.153862],"rotationMatrix":[-0.436185509,-0.899856687,0,0.899856687,-0.436185509,0,0,0,1],"scale":1,"type":"pac_rock_large_1"}
{"pos":[-28.3488617,57.1973915,31.0879574],"rotationMatrix":[0.321812838,-0.946803331,0,0.946803331,0.321812838,0,0,0,1],"scale":1,"type":"pac_rock_large_1"}
{"pos":[-24.7727718,64.5255508,31.8019142],"rotationMatrix":[0.850571334,0.525859714,0,-0.525859714,0.850571334,0,0,0,1],"scale":1,"type":"pac_rock_large_1"}
{"pos":[-24.8509235,56.6106491,30.943922],"rotationMatrix":[0.952052355,0.305935174,0,-0.305935174,0.952052355,0,0,0,1],"scale":1,"type":"pac_rock_large_1"}
{"pos":[-24.7433376,86.4332275,32.4098587],"rotationMatrix":[-0.911876321,-0.410465062,0,0.410465062,-0.911876321,0,0,0,1],"scale":1,"type":"pac_rock_large_1"}
{"pos":[-21.0839558,72.866188,32.0976601],"rotationMatrix":[-0.989456832,-0.144828022,0,0.144828022,-0.989456832,0,0,0,1],"scale":1,"type":"pac_rock_large_1"}
{"pos":[-61.300209,103.043404,32.3043289],"rotationMatrix":[-0.941405177,-0.337277889,0,0.337277889,-0.941405177,0,0,0,1],"scale":1,"type":"pac_rock_large_1"}
{"pos":[-26.688448,101.401825,32.1332932],"rotationMatrix":[-0.988720298,-0.149773359,0,0.149773359,-0.988720298,0,0,0,1],"scale":1,"type":"pac_rock_large_1"}
{"pos":[-44.2345428,51.6292953,32.4522247],"rotationMatrix":[0.509894788,-0.860236704,0,0.860236704,0.509894788,0,0,0,1],"scale":1,"type":"pac_rock_large_1"}
{"pos":[-24.4415073,53.9575806,30.7981243],"rotationMatrix":[-0.579653263,-0.814863205,0,0.814863205,-0.579653263,0,0,0,1],"scale":1,"type":"pac_rock_large_1"}
{"pos":[-26.8527031,41.0220642,29.8616524],"rotationMatrix":[0.526505172,0.850172043,0,-0.850172043,0.526505172,0,0,0,1],"scale":1,"type":"pac_rock_large_1"}
{"pos":[-19.2552433,51.48629,30.6325779],"rotationMatrix":[-0.134988666,0.990847111,0,-0.990847111,-0.134988666,0,0,0,1],"scale":1,"type":"pac_rock_large_1"}
{"pos":[-33.8486099,41.6026001,30.5563774],"rotationMatrix":[-0.290497929,0.956875563,0,-0.956875563,-0.290497929,0,0,0,1],"scale":1,"type":"pac_rock_large_1"}
{"pos":[-52.3478775,49.1436462,32.4705315],"rotationMatrix":[-0.182177603,0.983265638,0,-0.983265638,-0.182177603,0,0,0,1],"scale":1,"type":"pac_rock_large_1"}
{"pos":[-29.1143665,45.22052,30.4384632],"rotationMatrix":[-0.152040616,-0.988374233,0,0.988374233,-0.152040616,0,0,0,1],"scale":1,"type":"pac_rock_large_1"}
