{"pos":[-39.2010727,110.60096,32.4529724],"rotationMatrix":[0.970973969,-0.239185229,0,0.239185229,0.970973969,0,0,0,1],"scale":1,"type":"pac_rock_large_2"}
{"pos":[-57.7631836,98.7334747,32.5422516],"rotationMatrix":[0.905436456,0.424481899,0,-0.424481899,0.905436456,0,0,0,1],"scale":1,"type":"pac_rock_large_2"}
{"pos":[-52.202652,89.005928,32.3982697],"rotationMatrix":[-0.117422208,0.993082047,0,-0.993082047,-0.117422208,0,0,0,1],"scale":1,"type":"pac_rock_large_2"}
{"pos":[-42.6541786,96.6526337,32.119648],"rotationMatrix":[-0.290398031,-0.956905901,0,0.956905901,-0.290398031,0,0,0,1],"scale":1,"type":"pac_rock_large_2"}
{"pos":[-50.9211044,85.644577,32.1420288],"rotationMatrix":[0.982435942,0.186600342,0,-0.186600342,0.982435942,0,0,0,1],"scale":1,"type":"pac_rock_large_2"}
{"pos":[-30.7719173,83.4467468,32.3682098],"rotationMatrix":[-0.997782648,-0.0665562451,0,0.0665562451,-0.997782648,0,0,0,1],"scale":1,"type":"pac_rock_large_2"}
{"pos":[-36.8470459,84.2836304,32.3305702],"rotationMatrix":[-0.909951627,-0.414714605,0,0.414714605,-0.909951627,0,0,0,1],"scale":1,"type":"pac_rock_large_2"}
{"pos":[-34.9189606,80.010231,32.5033188],"rotationMatrix":[-0.874145389,0.485664397,0,-0.485664397,-0.874145389,0,0,0,1],"scale":1,"type":"pac_rock_large_2"}
{"pos":[-43.6521988,103.750229,32.1027946],"rotationMatrix":[0.474880636,0.880050302,0,-0.880050302,0.474880636,0,0,0,1],"scale":1,"type":"pac_rock_large_2"}
{"pos":[-55.1869431,82.4655533,32.2399979],"rotationMatrix":[0.761908412,0.647684932,0,-0.647684932,0.761908412,0,0,0,1],"scale":1,"type":"pac_rock_large_2"}
{"pos":[-30.1514874,104.579071,31.9773598],"rotationMatrix":[0.665037632,-0.74680984,0,0.74680984,0.665037632,0,0,0,1],"scale":1,"type":"pac_rock_large_2"}
{"pos":[-37.7505875,104.893799,32.5617638],"rotationMatrix":[0.966144145,-0.258002818,0,0.258002818,0.966144145,0,0,0,1],"scale":1,"type":"pac_rock_large_2"}
{"pos":[-28.7636662,82.4903564,32.3376732],"rotationMatrix":[0.024581993,0.999697745,0,-0.999697745,0.024581993,0,0,0,1],"scale":1,"type":"pac_rock_large_2"}
{"pos":[-53.953949,107.815186,32.5384407],"rotationMatrix":[0.87527281,-0.483629435,0,0.483629435,0.87527281,0,0,0,1],"scale":1,"type":"pac_rock_large_2"}
{"pos":[-49.1871109,98.5305099,32.4362335],"rotationMatrix":[-0.457889378,0.889009118,0,-0.889009118,-0.457889378,0,0,0,1],"scale":1,"type":"pac_rock_large_2"}
{"pos":[-59.0812988,78.9254608,32.4830055],"rotationMatrix":[-0.999039173,-0.0438265204,0,0.0438265204,-0.999039173,0,0,0,1],"scale":1,"type":"pac_rock_large_2"}
{"pos":[-34.8887444,104.047691,32.0822029],"rotationMatrix":[-0.808284938,-0.588791609,0,0.588791609,-0.808284938,0,0,0,1],"scale":1,"type":"pac_rock_large_2"}
{"pos":[-37.0002518,97.5071793,32.2379303],"rotationMatrix":[-0.607589483,-0.794251204,0,0.794251204,-0.607589483,0,0,0,1],"scale":1,"type":"pac_rock_large_2"}
{"pos":[-50.6462746,73.6318817,32.3164139],"rotationMatrix":[0.212002128,-0.977269232,0,0.977269232,0.212002128,0,0,0,1],"scale":1,"type":"pac_rock_large_2"}
{"pos":[-49.3084831,93.8890686,32.5649414],"rotationMatrix":[-0.19646737,-0.980510354,0,0.980510354,-0.19646737,0,0,0,1],"scale":1,"type":"pac_rock_large_2"}
{"pos":[-59.4332199,70.6123428,32.221817],"rotationMatrix":[0.834712267,-0.5506863,0,0.5506863,0.834712267,0,0,0,1],"scale":1,"type":"pac_rock_large_2"}
{"pos":[-40.3767357,58.5611496,32.5595818],"rotationMatrix":[-0.983482838,-0.181001425,0,0.181001425,-0.983482838,0,0,0,1],"scale":1,"type":"pac_rock_large_2"}
{"pos":[-37.626236,91.0150604,32.3749809],"rotationMatrix":[-0.854647577,0.519208431,0,-0.519208431,-0.854647577,0,0,0,1],"scale":1,"type":"pac_rock_large_2"}
{"pos":[-52.9421883,70.9911957,32.3817863],"rotationMatrix":[0.476326913,0.879268348,0,-0.879268348,0.476326913,0,0,0,1],"scale":1,"type":"pac_rock_large_2"}
{"pos":[-29.3702488,71.770813,32.0514908],"rotationMatrix":[-0.995597839,0.093727231,0,-0.093727231,-0.995597839,0,0,0,1],"scale":1,"type":"pac_rock_large_2"}
{"pos":[-49.7595139,71.0350571,32.2509193],"rotationMatrix":[0.102488659,0.994734168,0,-0.994734168,0.102488659,0,0,0,1],"scale":1,"type":"pac_rock_large_2"}
{"pos":[-37.7993622,61.3127251,32.3267174],"rotationMatrix":[0.863463521,0.504411399,0,-0.504411399,0.863463521,0,0,0,1],"scale":1,"type":"pac_rock_large_2"}
{"pos":[-26.5638676,83.4491425,32.2944565],"rotationMatrix":[0.508584023,-0.86101222,0,0.86101222,0.508584023,0,0,0,1],"scale":1,"type":"pac_rock_large_2"}
{"pos":[-28.4652424,75.8424835,31.9927425],"rotationMatrix":[0.289326787,-0.95723033,0,0.95723033,0.289326787,0,0,0,1],"scale":1,"type":"pac_rock_large_2"}
{"pos":[-20.5366764,66.9421844,31.767025],"rotationMatrix":[-0.364160746,0.931336045,0,-0.931336045,-0.364160746,0,0,0,1],"scale":1,"type":"pac_rock_large_2"}
{"pos":[-25.0535679,68.3497543,31.642355],"rotationMatrix":[-0.914838314,-0.403820276,0,0.403820276,-0.914838314,0,0,0,1],"scale":1,"type":"pac_rock_large_2"}
{"pos":[-48.9393005,54.4807816,32.5456581],"rotationMatrix":[-0.991171718,-0.132584423,0,0.132584423,-0.991171718,0,0,0,1],"scale":1,"type":"pac_rock_large_2"}
{"pos":[-29.7969494,64.7650909,31.9108505],"rotationMatrix":[0.518919766,0.854823053,0,-0.854823053,0.518919766,0,0,0,1],"scale":1,"type":"pac_rock_large_2"}
{"pos":[-30.4132214,75.0741348,32.41782],"rotationMatrix":[-0.237872213,0.97129643,0,-0.97129643,-0.237872213,0,0,0,1],"scale":1,"type":"pac_rock_large_2"}
{"pos":[-45.2220001,54.3336563,32.3065567],"rotationMatrix":[-0.875836611,0.482607573,0,-0.482607573,-0.875836611,0,0,0,1],"scale":1,"type":"pac_rock_large_2"}
{"pos":[-55.0163345,61.6971207,32.2655487],"rotationMatrix":[0.973774493,-0.22751525,0,0.22751525,0.973774493,0,0,0,1],"scale":1,"type":"pac_rock_large_2"}
{"pos":[-28.0633945,55.0194016,31.1817245],"rotationMatrix":[-0.917943656,0.396710902,0,-0.396710902,-0.917943656,0,0,0,1],"scale":1,"type":"pac_rock_large_2"}
{"pos":[-23.9699993,78.33255,32.4188118],"rotationMatrix":[0.998098671,0.0616358034,0,-0.0616358034,0.998098671,0,0,0,1],"scale":1,"type":"pac_rock_large_2"}
{"pos":[-33.1631546,52.1419907,32.5057526],"rotationMatrix":[0.118734621,0.992926002,0,-0.992926002,0.118734621,0,0,0,1],"scale":1,"type":"pac_rock_large_2"}
{"pos":[-21.617815,85.9163666,32.3274422],"rotationMatrix":[0.752709985,0.658352375,0,-0.658352375,0.752709985,0,0,0,1],"scale":1,"type":"pac_rock_large_2"}
{"pos":[-20.7383327,83.315567,31.8769646],"rotationMatrix":[0.791349769,0.611363828,0,-0.611363828,0.791349769,0,0,0,1],"scale":1,"type":"pac_rock_large_2"}
{"pos":[-51.9506989,79.4811096,32.190094],"rotationMatrix":[-0.884029567,-0.46743089,0,0.46743089,-0.884029567,0,0,0,1],"scale":1,"type":"pac_rock_large_2"}
{"pos":[-22.6643505,83.9906311,31.9372787],"rotationMatrix":[-0.998899639,0.0468979329,0,-0.0468979329,-0.998899639,0,0,0,1],"scale":1,"type":"pac_rock_large_2"}
{"pos":[-52.7084846,93.063446,32.2236481],"rotationMatrix":[-0.99257654,0.121621452,0,-0.121621452,-0.99257654,0,0,0,1],"scale":1,"type":"pac_rock_large_2"}
{"pos":[-56.3339462,100.745895,32.3551369],"rotationMatrix":[-0.574448884,0.818540335,0,-0.818540335,-0.574448884,0,0,0,1],"scale":1,"type":"pac_rock_large_2"}
{"pos":[-36.2936859,99.7739563,32.4238052],"rotationMatrix":[-0.976743519,-0.214410916,0,0.214410916,-0.976743519,0,0,0,1],"scale":1,"type":"pac_rock_large_2"}
{"pos":[-40.3528748,49.2067947,32.5090981],"rotationMatrix":[-0.722446918,-0.691426337,0,0.691426337,-0.722446918,0,0,0,1],"scale":1,"type":"pac_rock_large_2"}
{"pos":[-21.731699,55.2729759,30.9344311],"rotationMatrix":[0.0272204001,0.999629438,0,-0.999629438,0.0272204001,0,0,0,1],"scale":1,"type":"pac_rock_large_2"}
{"pos":[-36.3157387,48.5548897,32.4596558],"rotationMatrix":[-0.543968916,-0.839105308,0,0.839105308,-0.543968916,0,0,0,1],"scale":1,"type":"pac_rock_large_2"}
{"pos":[-56.051445,49.7280388,32.4105835],"rotationMatrix":[0.204801917,0.978803515,0,-0.978803515,0.204801917,0,0,0,1],"scale":1,"type":"pac_rock_large_2"}
{"pos":[-35.9435043,45.4427261,30.5701561],